agent_type,episode,cumulative_reward,demand_mean,demand_std,timestamp,disruption_start,disruption_duration
ewa_pd90_pf1,1001,6.9457268673669486,4.17,1.7032615770926085,2025-07-30T01:43:14.483504,36,2
ewa_pd90_pf1,1002,6.1338313605421035,3.94,1.7018813119603846,2025-07-30T01:43:15.456835,66,2
ewa_pd90_pf1,1003,5.278795736238361,4.42,1.9296631830451656,2025-07-30T01:43:16.413277,29,2
ewa_pd90_pf1,1004,6.740549170435926,4.16,1.7533967035442948,2025-07-30T01:43:17.406481,11,2
ewa_pd90_pf1,1005,5.909244985750016,4.07,1.6926606275328786,2025-07-30T01:43:18.399908,51,3
ewa_pd90_pf1,1006,5.454287194022727,4.29,1.7566729917659687,2025-07-30T01:43:19.405251,57,2
ewa_pd90_pf1,1007,5.066066596724027,4.06,1.7596590578859304,2025-07-30T01:43:20.397243,11,3
ewa_pd90_pf1,1008,3.0427540602779635,4.18,1.8351021769917881,2025-07-30T01:43:21.375593,73,2
ewa_pd90_pf1,1009,5.684725584214262,4.32,1.848675201326615,2025-07-30T01:43:22.368264,40,3
ewa_pd90_pf1,1010,6.799062148201495,3.95,1.7514279888136992,2025-07-30T01:43:23.375589,46,2
ewa_pd90_pf1,1011,6.763013642667645,3.91,1.7383612973142264,2025-07-30T01:43:24.379210,61,2
ewa_pd90_pf1,1012,6.756182209881177,3.74,1.8794680098368262,2025-07-30T01:43:25.372409,11,1
ewa_pd90_pf1,1013,6.644756975096792,3.68,1.690443728729235,2025-07-30T01:43:26.368535,46,3
ewa_pd90_pf1,1014,6.91344337005396,3.79,1.9559907975243649,2025-07-30T01:43:27.374976,38,3
ewa_pd90_pf1,1015,4.344408071608203,4.26,1.6100931650062986,2025-07-30T01:43:28.473719,68,1
ewa_pd90_pf1,1016,6.1641614936526405,4.01,1.813808148619914,2025-07-30T01:43:29.481347,58,3
ewa_pd90_pf1,1017,6.058536788342918,4.13,1.5978422950967346,2025-07-30T01:43:30.464529,20,3
ewa_pd90_pf1,1018,6.433198745971678,4.05,1.909842925478428,2025-07-30T01:43:31.429033,58,1
ewa_pd90_pf1,1019,5.7208064346569705,3.84,1.8906083676954357,2025-07-30T01:43:32.437231,20,3
ewa_pd90_pf1,1020,4.521779555020639,3.91,1.7441043546760613,2025-07-30T01:43:33.444841,65,3
ewa_pd90_pf1,1021,6.14534569132943,4.23,1.7541664687252463,2025-07-30T01:43:34.446001,37,2
ewa_pd90_pf1,1022,5.488203566426376,4.23,1.8322390673708495,2025-07-30T01:43:35.432941,34,3
ewa_pd90_pf1,1023,6.219690471754764,4.61,1.9844142712649495,2025-07-30T01:43:36.441095,36,3
ewa_pd90_pf1,1024,5.99598273182441,3.92,1.8093092604637826,2025-07-30T01:43:37.439260,24,1
ewa_pd90_pf1,1025,4.788769100453739,4.15,1.8296174463531985,2025-07-30T01:43:38.425191,55,1
ewa_pd90_pf1,1026,5.495688860969801,3.98,1.8972611839174909,2025-07-30T01:43:39.425749,34,2
ewa_pd90_pf1,1027,6.235375202597447,3.88,1.8508376482014837,2025-07-30T01:43:40.425383,45,1
ewa_pd90_pf1,1028,6.206856216265005,4.18,1.6933989488599548,2025-07-30T01:43:41.429346,34,3
ewa_pd90_pf1,1029,6.09685749913241,3.81,1.6774683305505353,2025-07-30T01:43:42.431626,34,1
ewa_pd90_pf1,1030,6.447077439435555,4.21,1.8616927780920247,2025-07-30T01:43:43.442321,62,1
ewa_pd90_pf1,1031,5.579565580789358,3.89,1.714030338121236,2025-07-30T01:43:44.444888,55,1
ewa_pd90_pf1,1032,5.462568245912462,4.05,1.935846068260594,2025-07-30T01:43:45.437894,38,2
ewa_pd90_pf1,1033,6.59209629449192,3.88,1.7565876010037187,2025-07-30T01:43:46.424568,56,3
ewa_pd90_pf1,1034,6.535611556810511,4.16,1.707161386629864,2025-07-30T01:43:47.410684,13,2
ewa_pd90_pf1,1035,5.10985299172003,3.91,1.8766725873204415,2025-07-30T01:43:48.409358,44,3
ewa_pd90_pf1,1036,6.715998742930601,4.09,1.908376273170467,2025-07-30T01:43:49.399976,40,2
ewa_pd90_pf1,1037,7.0103289860371465,3.95,1.7342145196024623,2025-07-30T01:43:50.386625,24,3
ewa_pd90_pf1,1038,7.020237531410648,4.32,1.6963490206912022,2025-07-30T01:43:51.381731,15,3
ewa_pd90_pf1,1039,4.503000094097376,3.86,1.8869022232219668,2025-07-30T01:43:52.389948,47,2
ewa_pd90_pf1,1040,6.798259231988285,4.07,1.8614779074702983,2025-07-30T01:43:53.397102,19,2
ewa_pd90_pf1,1041,4.312968897420705,3.96,1.8810635289643993,2025-07-30T01:43:54.406663,52,2
ewa_pd90_pf1,1042,4.855605517195389,3.85,1.8459414941974734,2025-07-30T01:43:55.397533,58,3
ewa_pd90_pf1,1043,6.234877474333763,4.26,1.8526737435393208,2025-07-30T01:43:56.401489,44,1
ewa_pd90_pf1,1044,5.645958850000248,3.96,1.684755175092215,2025-07-30T01:43:57.406291,36,2
ewa_pd90_pf1,1045,4.826366670980684,4.04,1.902209241907945,2025-07-30T01:43:58.415403,60,3
ewa_pd90_pf1,1046,6.905170388811237,4.13,1.781319735477042,2025-07-30T01:43:59.415569,56,2
ewa_pd90_pf1,1047,4.499517397539518,3.83,1.9238243163033366,2025-07-30T01:44:00.399952,77,2
ewa_pd90_pf1,1048,7.1127887965441285,4.27,1.6361845861637982,2025-07-30T01:44:01.389099,25,1
ewa_pd90_pf1,1049,6.843448250195016,4.15,2.0463381929681126,2025-07-30T01:44:02.386463,55,3
ewa_pd90_pf1,1050,4.102050164892333,3.82,1.8940960904874917,2025-07-30T01:44:03.399090,23,3
ewa_pd90_pf1,1051,5.9656369778699965,4.11,1.7994165721144173,2025-07-30T01:44:04.388208,40,1
ewa_pd90_pf1,1052,5.5350447556937095,3.96,2.063589106387219,2025-07-30T01:44:05.385931,68,1
ewa_pd90_pf1,1053,5.408604858128755,4.17,1.8657706182701026,2025-07-30T01:44:06.372068,68,1
ewa_pd90_pf1,1054,6.5040983646458965,4.04,1.684755175092215,2025-07-30T01:44:07.369956,13,3
ewa_pd90_pf1,1055,7.352138114966796,4.15,1.8728320800328044,2025-07-30T01:44:08.372359,62,3
ewa_pd90_pf1,1056,6.496081607363239,4.18,1.8513778652668398,2025-07-30T01:44:09.368881,54,3
ewa_pd90_pf1,1057,4.498248696689667,4.26,1.972916622668074,2025-07-30T01:44:10.362727,42,3
ewa_pd90_pf1,1058,7.557650379828095,4.29,1.7337531542869646,2025-07-30T01:44:11.363235,24,2
ewa_pd90_pf1,1059,4.90796429506401,4.29,1.8936472744415735,2025-07-30T01:44:12.362387,64,3
ewa_pd90_pf1,1060,5.972546263475801,4.15,1.9716744153130354,2025-07-30T01:44:13.355781,73,2
ewa_pd90_pf1,1061,6.899628615312025,3.88,1.6868906307167633,2025-07-30T01:44:14.343171,58,1
ewa_pd90_pf1,1062,7.341086530376002,4.06,1.8752066552782922,2025-07-30T01:44:15.331752,71,1
ewa_pd90_pf1,1063,5.462552843791817,3.99,1.8841178307101707,2025-07-30T01:44:16.328411,75,1
ewa_pd90_pf1,1064,5.775202675180275,4.07,1.704435390385919,2025-07-30T01:44:17.329686,57,3
ewa_pd90_pf1,1065,6.700692194653351,4.08,1.604244370412438,2025-07-30T01:44:18.453586,36,3
ewa_pd90_pf1,1066,5.035755805333062,4.01,1.7747957628978044,2025-07-30T01:44:19.458817,73,1
ewa_pd90_pf1,1067,7.305608515545471,4.18,1.845968580447674,2025-07-30T01:44:20.425690,56,1
ewa_pd90_pf1,1068,6.685246638635119,3.98,1.94411933790084,2025-07-30T01:44:21.395964,55,3
ewa_pd90_pf1,1069,5.385101107162612,4.29,1.8346389290538887,2025-07-30T01:44:22.389657,30,3
ewa_pd90_pf1,1070,6.845476303025918,4.05,1.7965244223221681,2025-07-30T01:44:23.395434,67,2
ewa_pd90_pf1,1071,7.1091586922733185,3.99,1.9874355335456795,2025-07-30T01:44:24.389650,30,2
ewa_pd90_pf1,1072,4.860604744800623,3.97,1.780196618354276,2025-07-30T01:44:25.373330,66,2
ewa_pd90_pf1,1073,7.205628949274933,4.03,1.7404309811078404,2025-07-30T01:44:26.373255,52,2
ewa_pd90_pf1,1074,6.373087234111447,4.04,1.7658992043715294,2025-07-30T01:44:27.370354,34,1
ewa_pd90_pf1,1075,6.407193881603164,4.03,1.8025260053602556,2025-07-30T01:44:28.359240,40,3
ewa_pd90_pf1,1076,6.8850963587260425,3.9,1.8027756377319948,2025-07-30T01:44:29.364014,11,1
ewa_pd90_pf1,1077,6.649194440074026,4.24,1.9499743588057767,2025-07-30T01:44:30.365900,59,3
ewa_pd90_pf1,1078,6.138931232845122,4.12,1.8181309083781618,2025-07-30T01:44:31.361796,23,2
ewa_pd90_pf1,1079,5.431314246031328,4.05,1.6874537030686207,2025-07-30T01:44:32.355956,12,1
ewa_pd90_pf1,1080,4.524285599743702,3.76,1.8927229062913566,2025-07-30T01:44:33.362109,17,3
ewa_pd90_pf1,1081,5.895274868807661,4.04,1.9283153269110322,2025-07-30T01:44:34.380034,18,3
ewa_pd90_pf1,1082,4.589225164107227,3.72,1.8497567407634983,2025-07-30T01:44:35.389285,32,3
ewa_pd90_pf1,1083,5.029828003001837,4.26,2.022968116407177,2025-07-30T01:44:36.383739,47,3
ewa_pd90_pf1,1084,6.86335533905944,3.84,1.8586016248782309,2025-07-30T01:44:37.393741,72,3
ewa_pd90_pf1,1085,6.458977555164625,4.12,1.914575671003891,2025-07-30T01:44:38.388762,61,2
ewa_pd90_pf1,1086,7.318797560697885,4.25,1.9461500456028564,2025-07-30T01:44:39.395588,11,1
ewa_pd90_pf1,1087,4.677612491871064,4.25,1.9817921182606415,2025-07-30T01:44:40.395508,44,1
ewa_pd90_pf1,1088,6.286122127884633,4.42,1.9035755829490986,2025-07-30T01:44:41.407090,69,3
ewa_pd90_pf1,1089,5.577635259908467,4.0,1.6613247725836149,2025-07-30T01:44:42.409284,47,3
ewa_pd90_pf1,1090,6.66046817565535,4.03,1.7689262279699514,2025-07-30T01:44:43.412681,60,1
ewa_pd90_pf1,1091,5.930624386516308,3.93,1.8398641254179613,2025-07-30T01:44:44.399709,58,2
ewa_pd90_pf1,1092,6.971785434030347,4.27,1.8913222887704781,2025-07-30T01:44:45.404598,43,1
ewa_pd90_pf1,1093,6.876684777254149,4.01,1.7463962895059069,2025-07-30T01:44:46.405083,70,1
ewa_pd90_pf1,1094,6.387414155680341,4.18,1.7342433508593884,2025-07-30T01:44:47.390838,66,1
ewa_pd90_pf1,1095,7.485666445319522,4.18,1.7685021911210628,2025-07-30T01:44:48.391488,46,1
ewa_pd90_pf1,1096,5.974898906869034,3.8,1.969771560359221,2025-07-30T01:44:49.396572,30,1
ewa_pd90_pf1,1097,6.845847327889129,4.16,1.598249041920564,2025-07-30T01:44:50.396057,76,1
ewa_pd90_pf1,1098,7.3077932767264695,4.0,1.8547236990991407,2025-07-30T01:44:51.388734,45,2
ewa_pd90_pf1,1099,7.141585325527101,4.13,1.7980823117977662,2025-07-30T01:44:52.378580,52,3
ewa_pd90_pf1,1100,6.562202144858151,3.89,1.7372104075212074,2025-07-30T01:44:53.386322,23,2
ewa_pd90_pf1,1101,6.77007108682844,4.29,1.976334991847283,2025-07-30T01:44:58.577355,20,1
ewa_pd90_pf1,1102,6.472192716219603,4.09,2.010447711331981,2025-07-30T01:44:59.549335,46,3
ewa_pd90_pf1,1103,7.446868708269514,4.16,1.927277873063456,2025-07-30T01:45:00.507772,23,3
ewa_pd90_pf1,1104,4.746619881808289,3.97,1.8355108280802923,2025-07-30T01:45:01.480328,17,3
ewa_pd90_pf1,1105,6.4876161307619835,4.01,1.910471146078893,2025-07-30T01:45:02.487855,79,1
ewa_pd90_pf1,1106,6.496126867413311,3.93,1.7677952370113454,2025-07-30T01:45:03.489756,50,3
ewa_pd90_pf1,1107,6.707942417761288,3.99,1.9773467070799697,2025-07-30T01:45:04.484673,59,3
ewa_pd90_pf1,1108,5.838754786882259,3.89,1.7372104075212074,2025-07-30T01:45:05.482856,72,2
ewa_pd90_pf1,1109,6.81082288617691,3.96,1.6965848048358798,2025-07-30T01:45:06.486566,13,3
ewa_pd90_pf1,1110,6.94805907217976,4.24,1.806211504780102,2025-07-30T01:45:07.488536,35,1
ewa_pd90_pf1,1111,7.05709532323807,4.03,1.9670027961342609,2025-07-30T01:45:08.476889,78,2
ewa_pd90_pf1,1112,7.091204413798983,4.32,1.7428711943227473,2025-07-30T01:45:09.484706,40,1
ewa_pd90_pf1,1113,6.7341428605570615,3.92,1.689260193102294,2025-07-30T01:45:10.471207,39,1
ewa_pd90_pf1,1114,6.4471495769858365,3.85,1.8781639970992947,2025-07-30T01:45:11.462160,22,2
ewa_pd90_pf1,1115,6.429341307030858,3.99,1.8788028103023477,2025-07-30T01:45:12.561033,70,3
ewa_pd90_pf1,1116,7.184524495818684,4.55,1.941004894378167,2025-07-30T01:45:13.578976,48,3
ewa_pd90_pf1,1117,5.076777714269264,4.13,1.998274255451438,2025-07-30T01:45:14.554718,76,3
ewa_pd90_pf1,1118,5.869360621026357,4.3,1.8520259177452136,2025-07-30T01:45:15.503182,36,2
ewa_pd90_pf1,1119,7.996156484077011,4.26,1.7528262891684387,2025-07-30T01:45:16.497266,68,1
ewa_pd90_pf1,1120,4.889672154327928,4.07,1.8234856730997366,2025-07-30T01:45:17.497149,17,3
ewa_pd90_pf1,1121,5.839731417456637,4.36,2.012560558095085,2025-07-30T01:45:18.496449,29,3
ewa_pd90_pf1,1122,6.77165996338424,4.03,1.6938417871808453,2025-07-30T01:45:19.485287,41,2
ewa_pd90_pf1,1123,7.003509115476914,4.07,1.7902793078176376,2025-07-30T01:45:20.483254,11,1
ewa_pd90_pf1,1124,6.70988697782023,4.09,1.6618965070063783,2025-07-30T01:45:21.481051,37,2
ewa_pd90_pf1,1125,6.368947672814849,4.19,1.8638401218988712,2025-07-30T01:45:22.475686,12,2
ewa_pd90_pf1,1126,4.70461599738696,4.18,1.9046259475288052,2025-07-30T01:45:23.473568,74,1
ewa_pd90_pf1,1127,6.945769808242165,3.99,1.802747902508834,2025-07-30T01:45:24.476516,41,1
ewa_pd90_pf1,1128,5.781336794824053,3.78,1.8632230140270383,2025-07-30T01:45:25.470176,64,3
ewa_pd90_pf1,1129,6.726943319141777,4.23,1.9537400031734007,2025-07-30T01:45:26.458883,51,1
ewa_pd90_pf1,1130,6.120966029739378,4.0,1.8110770276274832,2025-07-30T01:45:27.447506,43,2
ewa_pd90_pf1,1131,7.5530348897777975,4.14,1.8440173534975208,2025-07-30T01:45:28.460664,67,1
ewa_pd90_pf1,1132,6.334652847309424,4.11,1.7314444836609688,2025-07-30T01:45:29.461182,41,2
ewa_pd90_pf1,1133,5.789023614260096,4.07,1.935226084983354,2025-07-30T01:45:30.445349,74,2
ewa_pd90_pf1,1134,7.118986465868228,4.0,1.783255450012701,2025-07-30T01:45:31.436540,67,2
ewa_pd90_pf1,1135,6.885074972496863,3.79,1.7337531542869649,2025-07-30T01:45:32.429815,54,1
ewa_pd90_pf1,1136,0.061219152744487026,4.13,1.6891121928397768,2025-07-30T01:45:33.423568,43,1
ewa_pd90_pf1,1137,5.7446036685454445,4.04,1.8542923178398814,2025-07-30T01:45:34.429385,59,1
ewa_pd90_pf1,1138,5.515775104252362,4.18,1.8728587773775152,2025-07-30T01:45:35.425865,41,1
ewa_pd90_pf1,1139,6.323481485592812,4.13,1.8091710809097077,2025-07-30T01:45:36.421329,54,3
ewa_pd90_pf1,1140,5.584347157763357,4.09,1.721017141111616,2025-07-30T01:45:37.419215,14,2
ewa_pd90_pf1,1141,6.078172387985632,3.96,1.7545369759569047,2025-07-30T01:45:38.423579,27,1
ewa_pd90_pf1,1142,5.711060936526369,4.19,1.718691362636119,2025-07-30T01:45:39.429735,65,2
ewa_pd90_pf1,1143,7.140151376647883,3.92,1.6228370220080635,2025-07-30T01:45:40.422755,19,2
ewa_pd90_pf1,1144,7.393222753450279,4.06,1.8805318396666406,2025-07-30T01:45:41.412966,17,3
ewa_pd90_pf1,1145,7.608986114135312,3.83,1.7495999542752623,2025-07-30T01:45:42.418715,55,2
ewa_pd90_pf1,1146,6.295753799771806,3.83,1.7723148704448655,2025-07-30T01:45:43.405217,41,3
ewa_pd90_pf1,1147,7.123842837476562,3.84,1.776063061943466,2025-07-30T01:45:44.396558,15,2
ewa_pd90_pf1,1148,6.5625915156194345,3.98,1.9389687980986179,2025-07-30T01:45:45.391483,11,3
ewa_pd90_pf1,1149,5.6726919823107,4.15,1.909842925478428,2025-07-30T01:45:46.395418,20,2
ewa_pd90_pf1,1150,7.363896786171801,3.99,1.9924607900784395,2025-07-30T01:45:47.392465,25,3
ewa_pd90_pf1,1151,6.839672500022139,3.89,1.7657576277620888,2025-07-30T01:45:48.383775,43,1
ewa_pd90_pf1,1152,5.531914446657097,3.94,1.8645106596638163,2025-07-30T01:45:49.371756,27,2
ewa_pd90_pf1,1153,6.573315846353319,4.14,1.8869022232219668,2025-07-30T01:45:50.363655,15,3
ewa_pd90_pf1,1154,7.202672275619384,4.09,1.6798511838850487,2025-07-30T01:45:51.361919,52,1
ewa_pd90_pf1,1155,6.495734980309795,4.04,1.8325937902328493,2025-07-30T01:45:52.356733,18,1
ewa_pd90_pf1,1156,6.7293611210404,4.17,2.000274981096349,2025-07-30T01:45:53.344113,17,3
ewa_pd90_pf1,1157,7.221148053583217,3.97,1.6760369924318497,2025-07-30T01:45:54.325618,67,3
ewa_pd90_pf1,1158,5.48011764250175,4.01,1.8894178997776008,2025-07-30T01:45:55.313770,33,3
ewa_pd90_pf1,1159,6.232518596528828,4.16,1.7362027531368565,2025-07-30T01:45:56.306704,11,3
ewa_pd90_pf1,1160,7.44724734243275,4.14,1.8331393836803573,2025-07-30T01:45:57.310524,42,2
ewa_pd90_pf1,1161,7.378841269723822,4.26,1.5913516267626084,2025-07-30T01:45:58.299198,42,3
ewa_pd90_pf1,1162,6.1506499184048895,3.89,1.8379064176393745,2025-07-30T01:45:59.300183,20,1
ewa_pd90_pf1,1163,5.52440587467614,4.13,1.8366001197865582,2025-07-30T01:46:00.291705,38,3
ewa_pd90_pf1,1164,6.711252859937784,4.04,1.9489484344127734,2025-07-30T01:46:01.284536,21,2
ewa_pd90_pf1,1165,7.016388217408074,4.07,1.8179933993279511,2025-07-30T01:46:02.380257,21,1
ewa_pd90_pf1,1166,6.59745931335341,3.96,1.9744366285095096,2025-07-30T01:46:03.374222,15,1
ewa_pd90_pf1,1167,4.098548287946529,4.17,1.9290152928372548,2025-07-30T01:46:04.345826,11,1
ewa_pd90_pf1,1168,5.752296036384277,4.04,1.7658992043715291,2025-07-30T01:46:05.293292,32,1
ewa_pd90_pf1,1169,4.628356123609799,3.68,1.9487431847218863,2025-07-30T01:46:06.287630,73,2
ewa_pd90_pf1,1170,6.108600481286588,4.26,1.7585221067703418,2025-07-30T01:46:07.284271,50,3
ewa_pd90_pf1,1171,4.636805077246032,3.64,1.9106019993708787,2025-07-30T01:46:08.279835,17,3
ewa_pd90_pf1,1172,5.090753573732378,4.17,1.8278676100855882,2025-07-30T01:46:09.263926,31,3
ewa_pd90_pf1,1173,6.668182673864554,4.26,1.9319420281157507,2025-07-30T01:46:10.261029,73,2
ewa_pd90_pf1,1174,5.999368418558704,4.37,1.7813197354770423,2025-07-30T01:46:11.253045,40,1
ewa_pd90_pf1,1175,6.104920448017908,3.86,1.8762729012593027,2025-07-30T01:46:12.252377,51,1
ewa_pd90_pf1,1176,6.933170853168875,4.04,1.8810635289643993,2025-07-30T01:46:13.241180,58,2
ewa_pd90_pf1,1177,5.750432036661939,3.72,1.8280043763623761,2025-07-30T01:46:14.241565,17,1
ewa_pd90_pf1,1178,6.543294814192828,4.15,1.807622748252522,2025-07-30T01:46:15.229383,44,2
ewa_pd90_pf1,1179,6.018196120405081,4.09,1.8060730882220686,2025-07-30T01:46:16.219751,33,1
ewa_pd90_pf1,1180,6.731988481441478,4.06,1.8537529500987988,2025-07-30T01:46:17.212341,13,1
ewa_pd90_pf1,1181,6.461769251318429,4.04,1.6608431593621358,2025-07-30T01:46:18.205373,71,1
ewa_pd90_pf1,1182,4.489770327124798,3.96,1.8596773913773323,2025-07-30T01:46:19.196011,36,3
ewa_pd90_pf1,1183,6.174509200043167,3.82,1.8241710446117712,2025-07-30T01:46:20.194502,31,2
ewa_pd90_pf1,1184,7.242518951007682,3.99,1.8357287381309908,2025-07-30T01:46:21.183381,39,3
ewa_pd90_pf1,1185,5.011544714943095,4.0,1.5811388300841898,2025-07-30T01:46:22.183137,16,3
ewa_pd90_pf1,1186,4.666626611977914,3.97,2.027091512487781,2025-07-30T01:46:23.188627,33,1
ewa_pd90_pf1,1187,6.547527074732532,4.15,1.878163997099295,2025-07-30T01:46:24.191974,34,2
ewa_pd90_pf1,1188,6.165849429797415,4.08,1.770197729068705,2025-07-30T01:46:25.193121,65,1
ewa_pd90_pf1,1189,6.614779359269046,4.19,1.9219521325985205,2025-07-30T01:46:26.193472,23,2
ewa_pd90_pf1,1190,7.310352756212314,4.15,1.6454482671904336,2025-07-30T01:46:27.188503,45,3
ewa_pd90_pf1,1191,6.510088853487882,3.91,1.649818171799547,2025-07-30T01:46:28.177592,77,2
ewa_pd90_pf1,1192,6.797772299756764,4.17,1.7438749955200343,2025-07-30T01:46:29.163268,66,1
ewa_pd90_pf1,1193,3.9921175813277023,3.69,1.8258970398135814,2025-07-30T01:46:30.164219,59,3
ewa_pd90_pf1,1194,6.421798251212222,3.83,1.4286707108357755,2025-07-30T01:46:31.169124,27,1
ewa_pd90_pf1,1195,4.694874287518381,3.88,1.8669761648183945,2025-07-30T01:46:32.172253,68,1
ewa_pd90_pf1,1196,5.76558407617758,4.1,1.977371993328519,2025-07-30T01:46:33.174410,16,3
ewa_pd90_pf1,1197,6.303996285765929,4.08,1.7359723500102182,2025-07-30T01:46:34.161646,23,3
ewa_pd90_pf1,1198,6.158738698741721,3.95,1.9306734576307822,2025-07-30T01:46:35.148519,72,1
ewa_pd90_pf1,1199,5.538012304415503,4.34,1.8396738841436002,2025-07-30T01:46:36.152429,65,1
ewa_pd90_pf1,1200,6.377328474177725,3.88,1.8562327440275368,2025-07-30T01:46:37.159794,53,2
ewa_pd90_pf1,1201,7.480114173490243,3.93,1.5182555779578089,2025-07-30T01:46:42.327281,61,3
ewa_pd90_pf1,1202,6.60696345558795,3.94,1.8155990746858184,2025-07-30T01:46:43.316587,54,3
ewa_pd90_pf1,1203,5.5022057316974795,3.95,1.835074930350257,2025-07-30T01:46:44.330029,16,2
ewa_pd90_pf1,1204,6.05098264636177,3.94,1.7018813119603846,2025-07-30T01:46:45.310642,32,1
ewa_pd90_pf1,1205,4.9013234062498015,4.19,1.820412041269778,2025-07-30T01:46:46.308654,18,2
ewa_pd90_pf1,1206,5.746723685967355,4.15,1.8728320800328042,2025-07-30T01:46:47.298321,61,3
ewa_pd90_pf1,1207,7.06084937010293,3.94,1.9940912717325654,2025-07-30T01:46:48.285542,30,1
ewa_pd90_pf1,1208,6.415518772892293,4.14,2.116695537860842,2025-07-30T01:46:49.274617,16,1
ewa_pd90_pf1,1209,6.561024876094086,3.9,1.7635192088548397,2025-07-30T01:46:50.274377,26,1
ewa_pd90_pf1,1210,6.9670403533852046,4.26,1.957651654406371,2025-07-30T01:46:51.265770,40,3
ewa_pd90_pf1,1211,6.218494992764831,4.12,1.872324758154952,2025-07-30T01:46:52.264448,66,1
ewa_pd90_pf1,1212,6.075946238879991,3.81,2.052778604720928,2025-07-30T01:46:53.259409,24,1
ewa_pd90_pf1,1213,5.845286752626718,4.08,1.8475930287809597,2025-07-30T01:46:54.250060,31,2
ewa_pd90_pf1,1214,6.882079533833303,3.78,1.7808986495586998,2025-07-30T01:46:55.242051,66,2
ewa_pd90_pf1,1215,6.3321960781690905,4.24,1.8661189672687,2025-07-30T01:46:56.317645,33,3
ewa_pd90_pf1,1216,7.188041775691051,3.96,1.777188791321845,2025-07-30T01:46:57.310644,26,2
ewa_pd90_pf1,1217,6.689536074870709,3.75,1.9150718002205558,2025-07-30T01:46:58.278288,76,1
ewa_pd90_pf1,1218,5.4496691557367685,4.02,1.865368596283319,2025-07-30T01:46:59.230741,17,3
ewa_pd90_pf1,1219,6.88124894886341,3.8,1.7663521732655694,2025-07-30T01:47:00.231810,39,2
ewa_pd90_pf1,1220,6.350406668846417,4.18,1.6393901305058536,2025-07-30T01:47:01.221431,12,2
ewa_pd90_pf1,1221,6.8773837746206095,3.93,1.8289614539404595,2025-07-30T01:47:02.227876,49,1
ewa_pd90_pf1,1222,7.218949820381065,4.1,1.8357559750685821,2025-07-30T01:47:03.220502,42,3
ewa_pd90_pf1,1223,5.176243613060059,3.85,1.5771810295587505,2025-07-30T01:47:04.210088,16,3
ewa_pd90_pf1,1224,5.9898337399280095,3.83,1.7381311803198285,2025-07-30T01:47:05.211456,76,2
ewa_pd90_pf1,1225,6.206671754357971,4.04,1.9386593305684217,2025-07-30T01:47:06.201455,15,3
ewa_pd90_pf1,1226,6.854701237330874,4.1,1.6822603841260724,2025-07-30T01:47:07.206364,15,3
ewa_pd90_pf1,1227,6.8802530920777905,3.95,1.835074930350257,2025-07-30T01:47:08.210968,50,3
ewa_pd90_pf1,1228,6.965301621734366,4.0,1.760681686165901,2025-07-30T01:47:09.201269,50,2
ewa_pd90_pf1,1229,6.2775145632337,3.67,1.816892952267689,2025-07-30T01:47:10.176028,17,2
ewa_pd90_pf1,1230,6.624212704626134,3.97,1.7745703705404305,2025-07-30T01:47:11.171823,60,2
ewa_pd90_pf1,1231,6.95272695981137,4.15,1.8459414941974732,2025-07-30T01:47:12.157703,59,2
ewa_pd90_pf1,1232,6.622832362183824,4.02,1.7145261736118234,2025-07-30T01:47:13.136388,61,1
ewa_pd90_pf1,1233,7.2667537422447745,3.94,1.7539669324134934,2025-07-30T01:47:14.134538,35,3
ewa_pd90_pf1,1234,7.192994901047729,4.21,1.7849089612638511,2025-07-30T01:47:15.143151,15,2
ewa_pd90_pf1,1235,5.407374671939369,3.99,1.8681274046488372,2025-07-30T01:47:16.134629,59,2
ewa_pd90_pf1,1236,6.2739500942774855,4.16,1.8853116453255148,2025-07-30T01:47:17.138581,23,1
ewa_pd90_pf1,1237,6.985572743960385,4.03,1.7632640188014952,2025-07-30T01:47:18.134353,56,2
ewa_pd90_pf1,1238,6.50061256081101,4.14,1.6554153557340225,2025-07-30T01:47:19.118552,46,3
ewa_pd90_pf1,1239,6.903936230906945,4.12,2.0409801566894274,2025-07-30T01:47:20.094618,26,1
ewa_pd90_pf1,1240,7.0014619979262305,3.97,1.658041012761747,2025-07-30T01:47:21.077476,44,2
ewa_pd90_pf1,1241,1.808201521306259,3.99,1.757811138888362,2025-07-30T01:47:22.065471,66,2
ewa_pd90_pf1,1242,3.889530613483331,4.16,1.8095303258028035,2025-07-30T01:47:23.063386,71,1
ewa_pd90_pf1,1243,4.419462538572564,4.16,1.98353220291479,2025-07-30T01:47:24.060319,27,2
ewa_pd90_pf1,1244,6.2161294733939405,3.79,1.7905027227010855,2025-07-30T01:47:25.043013,55,1
ewa_pd90_pf1,1245,7.240460423458588,4.0,1.7492855684535902,2025-07-30T01:47:26.030608,64,2
ewa_pd90_pf1,1246,6.092204210823777,4.07,1.7450214898390217,2025-07-30T01:47:27.030874,38,3
ewa_pd90_pf1,1247,6.331228054759122,4.09,1.9702537907589468,2025-07-30T01:47:28.015645,61,1
ewa_pd90_pf1,1248,5.444956828770343,4.02,1.7028211884986633,2025-07-30T01:47:29.021987,26,1
ewa_pd90_pf1,1249,4.814598151112606,4.45,1.7965244223221677,2025-07-30T01:47:30.011353,41,3
ewa_pd90_pf1,1250,4.579699001781062,3.91,1.8659849945806104,2025-07-30T01:47:31.001123,55,2
ewa_pd90_pf1,1251,6.525675005669086,4.0,1.7888543819998317,2025-07-30T01:47:31.996914,79,1
ewa_pd90_pf1,1252,5.0015761567218195,3.89,1.7081861725233578,2025-07-30T01:47:32.989794,43,1
ewa_pd90_pf1,1253,4.347619289789213,4.17,2.059393114487858,2025-07-30T01:47:33.977647,60,1
ewa_pd90_pf1,1254,3.567171985005747,3.84,1.8039955654047488,2025-07-30T01:47:34.968338,52,3
ewa_pd90_pf1,1255,3.8276791042007394,4.05,1.6695807857064002,2025-07-30T01:47:35.955877,57,3
ewa_pd90_pf1,1256,6.705462196976252,4.1,1.7748239349298849,2025-07-30T01:47:36.950509,52,2
ewa_pd90_pf1,1257,7.417436579706284,4.08,1.7417232845661794,2025-07-30T01:47:37.937099,62,3
ewa_pd90_pf1,1258,5.774981574411842,3.94,1.8320480343047778,2025-07-30T01:47:38.912411,16,3
ewa_pd90_pf1,1259,6.256465105547347,3.85,1.9150718002205558,2025-07-30T01:47:39.909359,75,3
ewa_pd90_pf1,1260,6.959617414866488,4.25,1.8020821290940099,2025-07-30T01:47:40.920335,33,1
ewa_pd90_pf1,1261,5.928892148487191,4.17,1.9081666593880107,2025-07-30T01:47:41.909098,10,3
ewa_pd90_pf1,1262,5.636055082223231,4.12,1.9093454375780199,2025-07-30T01:47:42.900614,18,1
ewa_pd90_pf1,1263,6.554388068031036,3.94,1.7989997220677942,2025-07-30T01:47:43.893711,45,3
ewa_pd90_pf1,1264,5.974484652194907,4.02,1.9543796969882796,2025-07-30T01:47:44.884918,77,2
ewa_pd90_pf1,1265,3.8685557901315586,3.63,1.6772298590235029,2025-07-30T01:47:45.978567,61,1
ewa_pd90_pf1,1266,7.080654129366586,4.04,1.8271288952889997,2025-07-30T01:47:46.985647,64,3
ewa_pd90_pf1,1267,5.7381106617573545,4.16,1.8260339536821324,2025-07-30T01:47:47.954262,27,2
ewa_pd90_pf1,1268,7.513165530167921,4.34,1.7217433025860738,2025-07-30T01:47:48.913697,59,1
ewa_pd90_pf1,1269,6.285405716498325,4.07,1.8014161096204286,2025-07-30T01:47:49.902538,71,1
ewa_pd90_pf1,1270,6.497877483648453,4.2,1.9595917942265426,2025-07-30T01:47:50.886329,53,1
ewa_pd90_pf1,1271,6.096059635741378,3.82,1.7051686133634998,2025-07-30T01:47:51.872099,32,3
ewa_pd90_pf1,1272,7.31894959071313,3.88,1.8181309083781618,2025-07-30T01:47:52.857710,30,3
ewa_pd90_pf1,1273,7.824224922145578,4.1,1.8681541692269406,2025-07-30T01:47:53.848920,45,3
ewa_pd90_pf1,1274,6.095203806835747,4.01,1.76915233939873,2025-07-30T01:47:54.829128,14,1
ewa_pd90_pf1,1275,7.098059464453458,4.38,1.8481341942618776,2025-07-30T01:47:55.818411,68,3
ewa_pd90_pf1,1276,5.2427463473929645,3.96,1.6965848048358798,2025-07-30T01:47:56.816164,15,3
ewa_pd90_pf1,1277,6.1615334387761935,4.13,1.6592468170829802,2025-07-30T01:47:57.817996,12,1
ewa_pd90_pf1,1278,4.915658952037038,3.79,1.8455080601287008,2025-07-30T01:47:58.816534,28,3
ewa_pd90_pf1,1279,5.590453522912491,4.04,1.94381069037085,2025-07-30T01:47:59.813025,46,3
ewa_pd90_pf1,1280,6.625232774391579,3.97,1.7632640188014954,2025-07-30T01:48:00.792312,62,2
ewa_pd90_pf1,1281,5.4612385915339585,3.93,1.704435390385919,2025-07-30T01:48:01.787146,44,2
ewa_pd90_pf1,1282,5.171875862694846,3.81,1.8313656106850973,2025-07-30T01:48:02.775159,40,2
ewa_pd90_pf1,1283,6.850365390903091,4.07,1.8069587709740362,2025-07-30T01:48:03.763581,78,1
ewa_pd90_pf1,1284,6.708787221192428,4.07,1.9196614284815956,2025-07-30T01:48:04.760278,21,1
ewa_pd90_pf1,1285,5.330653888345535,3.89,1.816012114497037,2025-07-30T01:48:05.762953,57,1
ewa_pd90_pf1,1286,6.349917787347691,3.95,1.9868316486305526,2025-07-30T01:48:06.756969,41,2
ewa_pd90_pf1,1287,5.565716583279106,3.82,1.7853851125177447,2025-07-30T01:48:07.752423,23,2
ewa_pd90_pf1,1288,6.429548760051781,4.06,1.9739300899474632,2025-07-30T01:48:08.741820,46,1
ewa_pd90_pf1,1289,7.732100672901727,3.69,1.5342424840943494,2025-07-30T01:48:09.741932,73,3
ewa_pd90_pf1,1290,6.248034212532114,3.93,1.8014161096204286,2025-07-30T01:48:10.726744,72,1
ewa_pd90_pf1,1291,5.683249022084003,4.17,1.7891618149289907,2025-07-30T01:48:11.724249,23,1
ewa_pd90_pf1,1292,6.346111981027574,4.06,1.9226024029944415,2025-07-30T01:48:12.711208,20,2
ewa_pd90_pf1,1293,6.39892565471253,4.22,1.7639727889057701,2025-07-30T01:48:13.698184,66,2
ewa_pd90_pf1,1294,6.477862169391396,4.14,1.8111874557869487,2025-07-30T01:48:14.695630,76,2
ewa_pd90_pf1,1295,6.674942874310286,4.2,1.9183326093250876,2025-07-30T01:48:15.684427,33,2
ewa_pd90_pf1,1296,6.6435207450412115,4.05,1.7514279888136994,2025-07-30T01:48:16.677395,16,3
ewa_pd90_pf1,1297,6.461456943577872,3.92,1.900947132352712,2025-07-30T01:48:17.672038,78,1
ewa_pd90_pf1,1298,7.437928475958195,3.6,1.6792855623746663,2025-07-30T01:48:18.670520,71,3
ewa_pd90_pf1,1299,6.396903440892645,4.53,1.8679132742180509,2025-07-30T01:48:19.671229,47,1
ewa_pd90_pf1,1300,6.603477629611496,4.11,1.7081861725233578,2025-07-30T01:48:20.655326,36,3
ewa_pd90_pf1,1301,6.766880389774516,3.7,1.6217274740226852,2025-07-30T01:48:25.821066,76,1
ewa_pd90_pf1,1302,6.47690379759521,4.18,1.9564253116334394,2025-07-30T01:48:26.834651,29,1
ewa_pd90_pf1,1303,6.127163836677635,3.94,1.8858419870180003,2025-07-30T01:48:27.850405,64,2
ewa_pd90_pf1,1304,5.8215310864217935,3.79,1.812705160802495,2025-07-30T01:48:28.836699,48,1
ewa_pd90_pf1,1305,7.003193798187381,4.34,1.9810098434889212,2025-07-30T01:48:29.846534,29,3
ewa_pd90_pf1,1306,6.52103120288839,4.04,1.7315888657530691,2025-07-30T01:48:30.835338,40,1
ewa_pd90_pf1,1307,7.005454796756583,4.03,1.9465610701953329,2025-07-30T01:48:31.842640,14,1
ewa_pd90_pf1,1308,5.410866164963135,4.02,1.8813824704190267,2025-07-30T01:48:32.829577,23,2
ewa_pd90_pf1,1309,5.861001733063998,3.93,1.8614779074702983,2025-07-30T01:48:33.816274,61,1
ewa_pd90_pf1,1310,7.603436735599787,4.05,1.7684739183827392,2025-07-30T01:48:34.820898,21,1
ewa_pd90_pf1,1311,5.154675053793987,3.73,1.6544183267843717,2025-07-30T01:48:35.823313,45,2
ewa_pd90_pf1,1312,5.51497210544231,3.81,1.747541129701959,2025-07-30T01:48:36.829985,17,1
ewa_pd90_pf1,1313,6.283841147188545,4.34,1.965807722031837,2025-07-30T01:48:37.836122,54,1
ewa_pd90_pf1,1314,4.640633457833816,3.83,1.9290152928372546,2025-07-30T01:48:38.841627,67,1
ewa_pd90_pf1,1315,6.650485086884726,3.95,1.8834808201837365,2025-07-30T01:48:39.937969,26,1
ewa_pd90_pf1,1316,6.479577719343218,4.12,1.9711925324533877,2025-07-30T01:48:40.948069,71,1
ewa_pd90_pf1,1317,5.142767068112107,4.14,1.8494323453427541,2025-07-30T01:48:41.919689,49,1
ewa_pd90_pf1,1318,6.251498542284348,3.74,1.6100931650062986,2025-07-30T01:48:42.888704,36,2
ewa_pd90_pf1,1319,5.3688665892277525,4.1,1.9313207915827966,2025-07-30T01:48:43.877188,13,1
ewa_pd90_pf1,1320,6.546602288197382,4.05,1.7051392904979934,2025-07-30T01:48:44.864950,50,2
ewa_pd90_pf1,1321,5.7937785155189125,4.01,1.8138081486199138,2025-07-30T01:48:45.853973,51,3
ewa_pd90_pf1,1322,5.8894933145269235,3.91,1.8226080214900844,2025-07-30T01:48:46.852104,21,1
ewa_pd90_pf1,1323,7.5145212224678914,4.16,1.8369540005128056,2025-07-30T01:48:47.846874,52,1
ewa_pd90_pf1,1324,6.229744180461434,3.76,1.6255460620972881,2025-07-30T01:48:48.851937,55,2
ewa_pd90_pf1,1325,5.254678787062758,3.95,1.88878267675241,2025-07-30T01:48:49.845144,10,1
ewa_pd90_pf1,1326,6.435048774554761,3.83,1.7438749955200343,2025-07-30T01:48:50.845732,27,1
ewa_pd90_pf1,1327,5.872719604090768,4.16,1.781684596105607,2025-07-30T01:48:51.845204,35,1
ewa_pd90_pf1,1328,6.598526289230738,3.86,2.0929405151604286,2025-07-30T01:48:52.837285,43,2
ewa_pd90_pf1,1329,5.6804412975100265,3.93,1.9506665527454967,2025-07-30T01:48:53.817825,11,1
ewa_pd90_pf1,1330,7.944749699073994,3.95,1.7342145196024625,2025-07-30T01:48:54.803505,32,2
ewa_pd90_pf1,1331,4.256104381421968,3.92,2.003397114902585,2025-07-30T01:48:55.783318,38,1
ewa_pd90_pf1,1332,6.939770632677067,4.02,1.8438004230393268,2025-07-30T01:48:56.774180,32,2
ewa_pd90_pf1,1333,7.5102629971228065,3.73,1.9018675032714556,2025-07-30T01:48:57.772677,75,2
ewa_pd90_pf1,1334,7.186286666097419,3.87,1.7756970462328308,2025-07-30T01:48:58.766726,49,3
ewa_pd90_pf1,1335,6.774190227084508,3.74,1.9779787663167672,2025-07-30T01:48:59.769470,66,2
ewa_pd90_pf1,1336,6.46425501465297,3.86,1.9340113753543438,2025-07-30T01:49:00.762766,22,1
ewa_pd90_pf1,1337,6.979297367584478,4.09,1.9549680304291426,2025-07-30T01:49:01.767500,11,3
ewa_pd90_pf1,1338,5.905542089580412,4.11,1.9073279738943691,2025-07-30T01:49:02.758639,72,3
ewa_pd90_pf1,1339,5.925389457700019,3.97,1.7801966183542763,2025-07-30T01:49:03.762443,32,2
ewa_pd90_pf1,1340,6.4113567902948265,4.01,1.8841178307101707,2025-07-30T01:49:04.760112,51,1
ewa_pd90_pf1,1341,5.372901849909037,4.0,1.9287301521985911,2025-07-30T01:49:05.763511,44,2
ewa_pd90_pf1,1342,5.581272205884096,4.05,1.8186533479473213,2025-07-30T01:49:06.754697,35,1
ewa_pd90_pf1,1343,5.831868179009524,4.2,1.8973665961010278,2025-07-30T01:49:07.746145,32,1
ewa_pd90_pf1,1344,6.611257152615105,3.89,1.9125637244285483,2025-07-30T01:49:08.731095,48,2
ewa_pd90_pf1,1345,4.070577209750313,3.86,1.8167003054989561,2025-07-30T01:49:09.715855,28,1
ewa_pd90_pf1,1346,6.467173170234244,4.07,1.8934360300786501,2025-07-30T01:49:10.707934,60,3
ewa_pd90_pf1,1347,4.478908493646387,4.1,1.7058722109231983,2025-07-30T01:49:11.687476,50,3
ewa_pd90_pf1,1348,5.305353920422826,3.98,1.7319353336657808,2025-07-30T01:49:12.679875,26,3
ewa_pd90_pf1,1349,3.67209595309253,4.13,1.781319735477042,2025-07-30T01:49:13.677159,38,1
ewa_pd90_pf1,1350,5.439287038514864,4.05,1.7571283390805579,2025-07-30T01:49:14.681141,39,3
ewa_pd90_pf1,1351,3.730403416218435,3.78,1.8032193432857802,2025-07-30T01:49:15.675251,77,2
ewa_pd90_pf1,1352,4.228763783206538,4.13,1.9882404281172839,2025-07-30T01:49:16.658031,20,3
ewa_pd90_pf1,1353,4.094239085707593,3.99,1.7916193792209327,2025-07-30T01:49:17.658685,67,3
ewa_pd90_pf1,1354,1.6719594347948354,3.54,1.7229045243425414,2025-07-30T01:49:18.649812,64,2
ewa_pd90_pf1,1355,4.028735336163681,4.03,1.8944920163463344,2025-07-30T01:49:19.637999,26,2
ewa_pd90_pf1,1356,3.6607056743116075,3.84,1.5602563891873669,2025-07-30T01:49:20.624788,35,3
ewa_pd90_pf1,1357,2.307163506299316,3.58,1.8448848202530155,2025-07-30T01:49:21.614114,52,1
ewa_pd90_pf1,1358,6.550003141590881,4.4,1.9748417658131499,2025-07-30T01:49:22.608151,64,2
ewa_pd90_pf1,1359,5.45625642692883,3.86,1.73216627377397,2025-07-30T01:49:23.596976,13,3
ewa_pd90_pf1,1360,7.098344532867658,3.92,1.9114392483152582,2025-07-30T01:49:24.588782,76,3
ewa_pd90_pf1,1361,4.089487937558586,4.11,1.886239645432149,2025-07-30T01:49:25.580330,31,3
ewa_pd90_pf1,1362,4.780420015138578,3.89,1.5930787802240038,2025-07-30T01:49:26.566881,33,2
ewa_pd90_pf1,1363,5.753445535315035,4.06,1.725224623056372,2025-07-30T01:49:27.560381,23,3
ewa_pd90_pf1,1364,4.945020917290275,4.01,1.6216966424088075,2025-07-30T01:49:28.543987,40,3
ewa_pd90_pf1,1365,4.237958295554319,4.03,1.7801966183542761,2025-07-30T01:49:29.644856,28,3
ewa_pd90_pf1,1366,6.8917992769229315,4.08,1.7244129435839897,2025-07-30T01:49:30.639108,36,1
ewa_pd90_pf1,1367,6.147272638576901,4.34,1.8666547618668,2025-07-30T01:49:31.606456,52,3
ewa_pd90_pf1,1368,6.741415584568545,4.28,1.8280043763623761,2025-07-30T01:49:32.554921,43,1
ewa_pd90_pf1,1369,6.1936747695447565,4.09,1.7781732199085667,2025-07-30T01:49:33.550272,13,2
ewa_pd90_pf1,1370,5.5253932588677275,4.34,1.7732456118654292,2025-07-30T01:49:34.547961,24,2
ewa_pd90_pf1,1371,4.883771717822116,4.04,1.8216476058777118,2025-07-30T01:49:35.541526,46,3
ewa_pd90_pf1,1372,5.302494848039197,4.05,1.8781639970992947,2025-07-30T01:49:36.529159,61,1
ewa_pd90_pf1,1373,6.736939357761858,4.03,1.7745703705404303,2025-07-30T01:49:37.526360,52,2
ewa_pd90_pf1,1374,5.56799951525476,3.86,1.939175082348162,2025-07-30T01:49:38.513282,44,1
ewa_pd90_pf1,1375,6.173391684068194,4.24,1.674037036627326,2025-07-30T01:49:39.511658,68,3
ewa_pd90_pf1,1376,6.902770654803052,3.83,1.9134001149785687,2025-07-30T01:49:40.508233,53,2
ewa_pd90_pf1,1377,5.2986667916840595,4.27,1.759857948812915,2025-07-30T01:49:41.498931,37,3
ewa_pd90_pf1,1378,6.318581417445805,3.61,1.7826665420094696,2025-07-30T01:49:42.489190,14,3
ewa_pd90_pf1,1379,5.497053665945591,4.38,2.038528881325943,2025-07-30T01:49:43.469170,12,1
ewa_pd90_pf1,1380,5.870242418782701,4.06,1.8320480343047778,2025-07-30T01:49:44.459254,70,3
ewa_pd90_pf1,1381,5.100851512447216,4.12,1.6569852141766384,2025-07-30T01:49:45.451819,44,1
ewa_pd90_pf1,1382,7.59338872491181,4.27,1.8047437491234037,2025-07-30T01:49:46.461342,37,2
ewa_pd90_pf1,1383,7.885344605174506,3.98,1.6851112722903492,2025-07-30T01:49:47.455891,39,1
ewa_pd90_pf1,1384,6.304577958418392,4.09,1.9083762731704668,2025-07-30T01:49:48.447960,37,2
ewa_pd90_pf1,1385,4.792767503393629,4.1,1.91049731745428,2025-07-30T01:49:49.436534,38,3
ewa_pd90_pf1,1386,6.57921920811524,3.64,1.7408044117591155,2025-07-30T01:49:50.424744,11,2
ewa_pd90_pf1,1387,6.2643808538830505,3.8,1.6792855623746663,2025-07-30T01:49:51.408857,26,2
ewa_pd90_pf1,1388,5.696206792685051,3.99,1.8138081486199138,2025-07-30T01:49:52.408222,64,1
ewa_pd90_pf1,1389,6.11744528628705,3.82,1.6874833332510282,2025-07-30T01:49:53.409559,32,1
ewa_pd90_pf1,1390,5.092433112687967,4.0,1.9183326093250879,2025-07-30T01:49:54.393884,55,1
ewa_pd90_pf1,1391,5.365879119611844,4.36,1.8789358690492874,2025-07-30T01:49:55.389674,68,3
ewa_pd90_pf1,1392,7.099951099570684,3.72,1.7948816116947657,2025-07-30T01:49:56.389379,16,1
ewa_pd90_pf1,1393,5.461798020046294,4.32,1.636337373526621,2025-07-30T01:49:57.384816,49,1
ewa_pd90_pf1,1394,6.252852536927581,3.93,1.773442979066426,2025-07-30T01:49:58.380862,43,2
ewa_pd90_pf1,1395,6.614020866325079,4.3,1.7578395831246945,2025-07-30T01:49:59.375101,54,3
ewa_pd90_pf1,1396,6.217412754341601,3.85,1.7571283390805579,2025-07-30T01:50:00.360174,17,3
ewa_pd90_pf1,1397,6.121643541659464,3.85,1.8186533479473213,2025-07-30T01:50:01.356947,72,3
ewa_pd90_pf1,1398,6.254319912108867,3.75,1.8020821290940099,2025-07-30T01:50:02.348234,59,3
ewa_pd90_pf1,1399,7.422340133150306,3.81,1.7759222955974168,2025-07-30T01:50:03.345699,56,3
ewa_pd90_pf1,1400,4.399420083418665,3.61,1.8809306207300682,2025-07-30T01:50:04.322080,35,1
ewa_pd90_pf1,1401,6.8183439926683045,4.27,1.707951989957563,2025-07-30T01:50:09.493736,45,1
ewa_pd90_pf1,1402,6.36778077351564,4.19,2.052778604720928,2025-07-30T01:50:10.484659,28,3
ewa_pd90_pf1,1403,6.883474950690099,3.96,1.6426807358704856,2025-07-30T01:50:11.463011,60,2
ewa_pd90_pf1,1404,7.628708645099698,3.95,1.7514279888136994,2025-07-30T01:50:12.452688,41,2
ewa_pd90_pf1,1405,7.035563803687113,3.82,1.7342433508593886,2025-07-30T01:50:13.436191,23,1
ewa_pd90_pf1,1406,7.447177611877062,3.92,1.7531685600648903,2025-07-30T01:50:14.422651,19,3
ewa_pd90_pf1,1407,5.5344175570882115,3.98,1.7998888854593218,2025-07-30T01:50:15.413457,42,1
ewa_pd90_pf1,1408,4.796559887658237,3.99,1.819313057172954,2025-07-30T01:50:16.404239,73,1
ewa_pd90_pf1,1409,6.772496110873165,4.61,1.731444483660969,2025-07-30T01:50:17.392450,35,1
ewa_pd90_pf1,1410,6.404949667100701,3.95,1.6454482671904334,2025-07-30T01:50:18.386929,33,3
ewa_pd90_pf1,1411,5.088385024177514,4.02,1.7203488018422313,2025-07-30T01:50:19.379840,51,1
ewa_pd90_pf1,1412,7.250250978146752,4.32,1.9281078807992047,2025-07-30T01:50:20.378513,54,1
ewa_pd90_pf1,1413,5.865729875673828,3.96,1.8810635289643993,2025-07-30T01:50:21.378044,47,1
ewa_pd90_pf1,1414,5.556999795540796,4.31,1.775922295597417,2025-07-30T01:50:22.368635,41,2
ewa_pd90_pf1,1415,6.56764157106822,4.33,1.9238243163033366,2025-07-30T01:50:23.465403,46,1
ewa_pd90_pf1,1416,5.889692970054003,3.97,1.7404309811078402,2025-07-30T01:50:24.433068,17,2
ewa_pd90_pf1,1417,5.6204512012301215,3.95,1.8834808201837363,2025-07-30T01:50:25.401336,23,1
ewa_pd90_pf1,1418,4.330833280515475,3.66,1.81229136730273,2025-07-30T01:50:26.359772,11,1
ewa_pd90_pf1,1419,3.4003191083263204,4.05,1.9150718002205558,2025-07-30T01:50:27.347337,59,3
ewa_pd90_pf1,1420,4.340298827713863,3.84,1.8639742487491613,2025-07-30T01:50:28.340170,66,2
ewa_pd90_pf1,1421,4.527467985693286,4.11,1.8649128665972572,2025-07-30T01:50:29.341295,42,3
ewa_pd90_pf1,1422,6.444660615100046,4.0,1.9339079605813716,2025-07-30T01:50:30.332543,47,3
ewa_pd90_pf1,1423,6.372561245632644,4.19,1.7589485495602195,2025-07-30T01:50:31.324198,51,1
ewa_pd90_pf1,1424,5.801176411181087,4.45,1.7109938632268673,2025-07-30T01:50:32.310779,48,3
ewa_pd90_pf1,1425,5.724123657657606,4.05,1.856744462762714,2025-07-30T01:50:33.308627,12,3
ewa_pd90_pf1,1426,6.26827798707076,4.09,1.9395618061820048,2025-07-30T01:50:34.303932,38,1
ewa_pd90_pf1,1427,5.277218665749087,4.09,1.8060730882220686,2025-07-30T01:50:35.284693,24,3
ewa_pd90_pf1,1428,5.582785262038641,4.28,1.5942396306703706,2025-07-30T01:50:36.279050,20,1
ewa_pd90_pf1,1429,5.707122517836496,3.92,1.8258148865643526,2025-07-30T01:50:37.278983,51,1
ewa_pd90_pf1,1430,5.730230634009135,3.73,1.6177453446077352,2025-07-30T01:50:38.265340,70,1
ewa_pd90_pf1,1431,3.3617169465671823,3.75,1.8131464364468746,2025-07-30T01:50:39.268020,34,2
ewa_pd90_pf1,1432,5.681428272706125,3.92,1.8148278155241064,2025-07-30T01:50:40.250805,64,1
ewa_pd90_pf1,1433,4.788567186876774,3.78,1.8087564789103039,2025-07-30T01:50:41.245053,28,1
ewa_pd90_pf1,1434,6.142605466664739,4.03,1.9922600231897443,2025-07-30T01:50:42.239713,38,2
ewa_pd90_pf1,1435,4.992781084294431,4.13,1.8311471814138807,2025-07-30T01:50:43.231367,19,3
ewa_pd90_pf1,1436,5.864184111623434,4.1,1.8083141320025122,2025-07-30T01:50:44.223994,30,3
ewa_pd90_pf1,1437,6.853206168373389,3.94,1.8483506160899237,2025-07-30T01:50:45.213101,48,3
ewa_pd90_pf1,1438,5.600771743105889,3.93,1.7450214898390222,2025-07-30T01:50:46.202086,21,2
ewa_pd90_pf1,1439,5.421383672027406,3.88,1.7162750362339945,2025-07-30T01:50:47.189406,15,1
ewa_pd90_pf1,1440,6.722631074567443,4.08,1.7926516672237247,2025-07-30T01:50:48.143263,27,2
ewa_pd90_pf1,1441,6.367338794982193,4.16,1.8315021157508937,2025-07-30T01:50:49.092283,43,1
ewa_pd90_pf1,1442,7.308983150215624,4.22,1.8524578267804104,2025-07-30T01:50:50.073452,26,1
ewa_pd90_pf1,1443,6.643023001294944,3.93,1.773442979066426,2025-07-30T01:50:51.066393,69,1
ewa_pd90_pf1,1444,6.260365418085866,4.39,1.8104971692880383,2025-07-30T01:50:52.069653,42,2
ewa_pd90_pf1,1445,6.611815497253589,4.12,1.914575671003891,2025-07-30T01:50:53.066367,27,1
ewa_pd90_pf1,1446,5.985173594702131,3.94,1.837498299318941,2025-07-30T01:50:54.065375,24,3
ewa_pd90_pf1,1447,6.6026942144084115,4.11,1.6303067196083072,2025-07-30T01:50:55.055247,24,1
ewa_pd90_pf1,1448,4.758969574948473,3.64,1.7350504315437059,2025-07-30T01:50:56.054001,16,1
ewa_pd90_pf1,1449,5.251738586461434,4.02,1.9797979694908268,2025-07-30T01:50:57.032952,24,1
ewa_pd90_pf1,1450,6.550281610531548,4.27,1.9639501011991114,2025-07-30T01:50:58.016811,45,2
ewa_pd90_pf1,1451,6.711356669537766,4.26,1.706575518399347,2025-07-30T01:50:59.003609,47,3
ewa_pd90_pf1,1452,6.4859735996572185,4.2,1.5362291495737217,2025-07-30T01:51:00.005049,75,3
ewa_pd90_pf1,1453,6.356050361324232,3.98,1.8274572498419765,2025-07-30T01:51:00.999467,25,3
ewa_pd90_pf1,1454,5.92883929149543,3.58,1.8120706387997134,2025-07-30T01:51:01.974126,58,3
ewa_pd90_pf1,1455,6.260498215118659,4.06,1.7934324631833782,2025-07-30T01:51:02.959907,70,2
ewa_pd90_pf1,1456,6.369388017577044,4.26,1.6710475756243446,2025-07-30T01:51:03.950229,53,3
ewa_pd90_pf1,1457,5.831618260217959,3.92,1.8475930287809597,2025-07-30T01:51:04.952612,15,3
ewa_pd90_pf1,1458,7.659973527484092,4.1,1.7,2025-07-30T01:51:05.934344,72,1
ewa_pd90_pf1,1459,6.686571497243852,3.94,1.666253282067285,2025-07-30T01:51:06.929802,12,1
ewa_pd90_pf1,1460,5.797403545116651,3.66,1.7333205127730988,2025-07-30T01:51:07.924701,25,3
ewa_pd90_pf1,1461,7.434388544174714,4.29,1.7452506983238827,2025-07-30T01:51:08.918260,57,2
ewa_pd90_pf1,1462,7.5802730029081,4.03,1.681992865621017,2025-07-30T01:51:09.912734,71,3
ewa_pd90_pf1,1463,7.037951282704011,4.1,1.8841443681416774,2025-07-30T01:51:10.893567,32,2
ewa_pd90_pf1,1464,6.266187459298688,4.05,1.9461500456028562,2025-07-30T01:51:11.888078,55,3
ewa_pd90_pf1,1465,7.3017854340126895,4.18,2.0365657367244494,2025-07-30T01:51:12.980014,70,1
ewa_pd90_pf1,1466,6.6056651208231365,4.29,1.7221788525005175,2025-07-30T01:51:13.972946,60,1
ewa_pd90_pf1,1467,7.500368678072542,3.92,1.9425756098540927,2025-07-30T01:51:14.951321,27,1
ewa_pd90_pf1,1468,7.591471444529892,4.1,1.857417562100671,2025-07-30T01:51:15.913748,75,3
ewa_pd90_pf1,1469,6.9780039686794035,4.01,1.9621162045098144,2025-07-30T01:51:16.903876,59,3
ewa_pd90_pf1,1470,6.950265853928237,3.83,1.8058515996615003,2025-07-30T01:51:17.896532,40,2
ewa_pd90_pf1,1471,7.420678709727811,3.96,1.8106352476410044,2025-07-30T01:51:18.888539,41,1
ewa_pd90_pf1,1472,5.559249889913238,3.95,1.883480820183736,2025-07-30T01:51:19.883099,59,2
ewa_pd90_pf1,1473,7.318679775197208,4.1,1.9672315572906003,2025-07-30T01:51:20.875951,68,1
ewa_pd90_pf1,1474,7.154112426969253,4.18,1.6271447384913242,2025-07-30T01:51:21.879340,11,2
ewa_pd90_pf1,1475,7.124366353243074,4.27,1.6962016389568784,2025-07-30T01:51:22.875929,54,1
ewa_pd90_pf1,1476,6.830736603934368,4.02,1.8972611839174913,2025-07-30T01:51:23.876343,29,2
ewa_pd90_pf1,1477,7.388940502081182,4.22,1.8524578267804104,2025-07-30T01:51:24.865189,62,2
ewa_pd90_pf1,1478,6.440272755974467,4.33,1.9649681931267995,2025-07-30T01:51:25.861954,27,2
ewa_pd90_pf1,1479,7.050738539744054,4.26,1.8364095403803586,2025-07-30T01:51:26.856956,46,3
ewa_pd90_pf1,1480,6.854759655166557,4.19,1.9682225483923306,2025-07-30T01:51:27.843973,29,1
ewa_pd90_pf1,1481,7.367551697060374,4.08,1.852997571504075,2025-07-30T01:51:28.837561,40,3
ewa_pd90_pf1,1482,5.824156761251423,4.13,2.052583737634107,2025-07-30T01:51:29.825016,24,3
ewa_pd90_pf1,1483,7.244407938289975,3.95,1.6635804759614126,2025-07-30T01:51:30.809731,42,3
ewa_pd90_pf1,1484,7.106544454976722,3.72,1.865904606350496,2025-07-30T01:51:31.812259,73,2
ewa_pd90_pf1,1485,7.7525379126463125,3.74,1.8254862365956088,2025-07-30T01:51:32.810058,29,3
ewa_pd90_pf1,1486,5.526481017835769,4.11,1.8702673605663975,2025-07-30T01:51:33.806126,24,3
ewa_pd90_pf1,1487,3.5818893450872267,3.9,2.0615528128088303,2025-07-30T01:51:34.807580,67,2
ewa_pd90_pf1,1488,4.0801038178462035,3.88,1.9610201426808447,2025-07-30T01:51:35.803423,56,2
ewa_pd90_pf1,1489,4.888998239775244,4.07,1.9300518127760196,2025-07-30T01:51:36.795839,31,1
ewa_pd90_pf1,1490,6.580708886329706,4.34,1.8985257438338832,2025-07-30T01:51:37.799326,52,3
ewa_pd90_pf1,1491,6.5633949049095355,4.24,1.9754493159785194,2025-07-30T01:51:38.791699,25,3
ewa_pd90_pf1,1492,5.950228703354533,4.19,1.798304757264463,2025-07-30T01:51:39.779260,43,1
ewa_pd90_pf1,1493,2.6583840430948853,3.48,1.8301912468373351,2025-07-30T01:51:40.774640,75,2
ewa_pd90_pf1,1494,2.989139768239728,3.97,1.7172943836162744,2025-07-30T01:51:41.763032,67,2
ewa_pd90_pf1,1495,5.047870422737404,3.99,1.7860291151042305,2025-07-30T01:51:42.749263,62,3
ewa_pd90_pf1,1496,5.999701935221139,4.18,1.8728587773775152,2025-07-30T01:51:43.742066,35,3
ewa_pd90_pf1,1497,6.903516834450333,3.85,1.8567444627627145,2025-07-30T01:51:44.742416,18,2
ewa_pd90_pf1,1498,6.278292987667706,3.73,1.7196220514985263,2025-07-30T01:51:45.735313,78,2
ewa_pd90_pf1,1499,6.014342288683693,3.89,1.9590558950678256,2025-07-30T01:51:46.739535,25,1
ewa_pd90_pf1,1500,7.618748815796394,4.14,1.8001111076819676,2025-07-30T01:51:47.724720,73,3
ewa_pd90_pf1,1501,7.676859870248338,4.06,1.7135927170713583,2025-07-30T01:51:52.826587,31,1
ewa_pd90_pf1,1502,7.273871231858216,4.13,1.858251866674698,2025-07-30T01:51:53.825286,35,1
ewa_pd90_pf1,1503,5.636821177744622,4.07,1.8179933993279513,2025-07-30T01:51:54.810789,72,3
ewa_pd90_pf1,1504,6.419314974902475,4.23,1.886027571378531,2025-07-30T01:51:55.804982,34,2
ewa_pd90_pf1,1505,6.541670075614319,4.11,1.8915337691936667,2025-07-30T01:51:56.801619,18,3
ewa_pd90_pf1,1506,4.646783923852141,4.44,1.7962182495454166,2025-07-30T01:51:57.793050,52,3
ewa_pd90_pf1,1507,6.4192578827345335,3.85,1.7797471730557686,2025-07-30T01:51:58.795567,50,1
ewa_pd90_pf1,1508,6.286097920201681,4.01,1.9104711460788935,2025-07-30T01:51:59.789042,22,1
ewa_pd90_pf1,1509,7.111467208215345,3.72,1.7668050260286219,2025-07-30T01:52:00.777748,19,3
ewa_pd90_pf1,1510,6.805783392162949,4.02,1.7998888854593218,2025-07-30T01:52:01.776253,29,1
ewa_pd90_pf1,1511,7.469515498610034,4.12,1.632666530556684,2025-07-30T01:52:02.774959,25,3
ewa_pd90_pf1,1512,6.101652408786369,4.03,1.8135876047216466,2025-07-30T01:52:03.767940,37,1
ewa_pd90_pf1,1513,6.7102051645821925,3.71,1.762356377126942,2025-07-30T01:52:04.761962,53,1
ewa_pd90_pf1,1514,6.464124499172809,4.15,2.011839953873071,2025-07-30T01:52:05.760438,33,3
ewa_pd90_pf1,1515,7.670826315531356,4.33,1.738131180319828,2025-07-30T01:52:06.849294,76,3
ewa_pd90_pf1,1516,7.8828022411657654,3.97,1.687927723571125,2025-07-30T01:52:07.857589,43,1
ewa_pd90_pf1,1517,6.617583051463655,3.88,1.8616122045152155,2025-07-30T01:52:08.825736,12,1
ewa_pd90_pf1,1518,5.5039976920337255,4.18,1.669610733075228,2025-07-30T01:52:09.783176,48,2
ewa_pd90_pf1,1519,5.527301077805342,3.68,1.8701871564097536,2025-07-30T01:52:10.767160,76,1
ewa_pd90_pf1,1520,7.04698235965178,4.19,1.7186913626361187,2025-07-30T01:52:11.765662,71,2
ewa_pd90_pf1,1521,5.1368996702046585,4.06,1.7425269007966562,2025-07-30T01:52:12.767449,76,2
ewa_pd90_pf1,1522,6.845247398837994,3.79,1.8455080601287006,2025-07-30T01:52:13.757488,75,1
ewa_pd90_pf1,1523,6.037824984319917,3.95,1.7342145196024623,2025-07-30T01:52:14.749557,23,2
ewa_pd90_pf1,1524,7.650893093676624,4.01,1.734906337529493,2025-07-30T01:52:15.730139,59,2
ewa_pd90_pf1,1525,7.591924000323679,4.02,1.6910351859142376,2025-07-30T01:52:16.731630,38,3
ewa_pd90_pf1,1526,6.048060461195355,4.25,1.8131464364468746,2025-07-30T01:52:17.741255,76,2
ewa_pd90_pf1,1527,5.994242795619665,4.34,1.8985257438338834,2025-07-30T01:52:18.750344,46,1
ewa_pd90_pf1,1528,5.493847033012627,4.09,1.7668899230002983,2025-07-30T01:52:19.741835,30,2
ewa_pd90_pf1,1529,5.993629333782957,4.3,1.7406895185529212,2025-07-30T01:52:20.734587,37,2
ewa_pd90_pf1,1530,3.0450181103699645,3.81,1.7186913626361187,2025-07-30T01:52:21.732076,33,1
ewa_pd90_pf1,1531,4.162247290017412,4.23,1.5090062955468408,2025-07-30T01:52:22.729363,26,2
ewa_pd90_pf1,1532,3.1758016685127566,3.83,1.9238243163033366,2025-07-30T01:52:23.724809,64,2
ewa_pd90_pf1,1533,6.479447719913035,4.32,1.7313578486263317,2025-07-30T01:52:24.712899,24,3
ewa_pd90_pf1,1534,5.91705512621974,4.1,1.7748239349298849,2025-07-30T01:52:25.706609,22,1
ewa_pd90_pf1,1535,4.203752799787095,3.67,1.5300653580811507,2025-07-30T01:52:26.710682,22,2
ewa_pd90_pf1,1536,7.470864965611485,4.0,1.9544820285692064,2025-07-30T01:52:27.710068,28,2
ewa_pd90_pf1,1537,6.7599685042729405,4.04,1.8051038751274122,2025-07-30T01:52:28.694126,58,1
ewa_pd90_pf1,1538,5.98524303539905,3.91,1.8444240293381562,2025-07-30T01:52:29.676728,41,3
ewa_pd90_pf1,1539,6.257548282354546,3.97,1.8944920163463344,2025-07-30T01:52:30.654466,59,3
ewa_pd90_pf1,1540,7.041323167824111,4.11,1.886239645432149,2025-07-30T01:52:31.641547,34,3
ewa_pd90_pf1,1541,7.8188831105502965,4.07,1.8452913049163806,2025-07-30T01:52:32.635780,57,3
ewa_pd90_pf1,1542,7.228023722107077,4.0,1.833030277982336,2025-07-30T01:52:33.634706,76,1
ewa_pd90_pf1,1543,6.17657474579046,4.12,2.2058105086339577,2025-07-30T01:52:34.629871,77,3
ewa_pd90_pf1,1544,4.965580431558119,3.62,1.7133592734741887,2025-07-30T01:52:35.627145,64,3
ewa_pd90_pf1,1545,6.846586287069249,3.82,1.9767650340897878,2025-07-30T01:52:36.612453,54,3
ewa_pd90_pf1,1546,6.83572156553792,4.58,1.919270694821343,2025-07-30T01:52:37.605311,64,2
ewa_pd90_pf1,1547,6.2231375170084196,3.95,1.7226433176952214,2025-07-30T01:52:38.604592,39,3
ewa_pd90_pf1,1548,6.854744894865166,4.2,1.7320508075688774,2025-07-30T01:52:39.583346,34,3
ewa_pd90_pf1,1549,6.545383743318939,4.04,1.9386593305684217,2025-07-30T01:52:40.581487,39,3
ewa_pd90_pf1,1550,6.887710567433294,3.82,1.6271447384913242,2025-07-30T01:52:41.566434,66,2
ewa_pd90_pf1,1551,6.3376110947113045,3.85,1.8241436346954698,2025-07-30T01:52:42.571176,23,3
ewa_pd90_pf1,1552,5.635997986250522,4.44,2.050950998927083,2025-07-30T01:52:43.559208,16,2
ewa_pd90_pf1,1553,6.924843954297527,3.94,1.725224623056372,2025-07-30T01:52:44.543619,65,1
ewa_pd90_pf1,1554,7.000160178339789,4.05,1.745709025009609,2025-07-30T01:52:45.544630,65,2
ewa_pd90_pf1,1555,6.094880775134472,4.15,1.7741194999210173,2025-07-30T01:52:46.522092,21,2
ewa_pd90_pf1,1556,6.173743373568889,3.73,1.6784218778364397,2025-07-30T01:52:47.513210,37,3
ewa_pd90_pf1,1557,6.3209798713044885,3.95,1.7226433176952214,2025-07-30T01:52:48.516706,59,1
ewa_pd90_pf1,1558,5.693349573232798,3.86,1.8602150413325875,2025-07-30T01:52:49.513269,59,3
ewa_pd90_pf1,1559,5.846031125617067,3.67,1.7723148704448655,2025-07-30T01:52:50.498580,15,2
ewa_pd90_pf1,1560,7.1596484845611785,4.07,1.6867424225411536,2025-07-30T01:52:51.503320,18,3
ewa_pd90_pf1,1561,6.334784947802441,4.02,1.7434448657758006,2025-07-30T01:52:52.508218,24,3
ewa_pd90_pf1,1562,6.649277100432501,3.65,1.7909494688572316,2025-07-30T01:52:53.514109,77,3
ewa_pd90_pf1,1563,6.063745531164704,4.11,1.7770481141488543,2025-07-30T01:52:54.437133,74,1
ewa_pd90_pf1,1564,7.58208470473156,3.96,1.7545369759569047,2025-07-30T01:52:55.423523,51,1
ewa_pd90_pf1,1565,6.404119858864572,3.88,1.9405153954555474,2025-07-30T01:52:56.532298,63,2
ewa_pd90_pf1,1566,4.473935170937567,4.03,1.8679132742180509,2025-07-30T01:52:57.547551,45,3
ewa_pd90_pf1,1567,5.388150181838688,4.06,2.004095806093112,2025-07-30T01:52:58.538377,14,1
ewa_pd90_pf1,1568,6.672739702174469,3.97,1.7056083958517558,2025-07-30T01:52:59.517758,28,2
ewa_pd90_pf1,1569,5.6865825311677005,3.87,1.7869247326062727,2025-07-30T01:53:00.527562,33,1
ewa_pd90_pf1,1570,6.780213036615327,4.12,1.914575671003891,2025-07-30T01:53:01.522438,77,2
ewa_pd90_pf1,1571,5.659465529417799,4.14,1.8921944931745258,2025-07-30T01:53:02.531665,12,2
ewa_pd90_pf1,1572,6.543526074288587,4.09,1.7781732199085667,2025-07-30T01:53:03.537427,39,1
ewa_pd90_pf1,1573,5.8450972620560675,4.05,1.835074930350257,2025-07-30T01:53:04.544090,55,1
ewa_pd90_pf1,1574,7.0349517199450675,4.19,1.937498387096103,2025-07-30T01:53:05.548322,79,1
ewa_pd90_pf1,1575,5.712665765715245,4.12,1.9610201426808447,2025-07-30T01:53:06.552515,58,2
ewa_pd90_pf1,1576,6.131384903889145,4.11,1.9743100060527474,2025-07-30T01:53:07.554753,73,1
ewa_pd90_pf1,1577,5.886200858436268,4.21,1.8830560267819967,2025-07-30T01:53:08.545320,34,2
ewa_pd90_pf1,1578,7.018029643035327,4.31,1.6167560112769026,2025-07-30T01:53:09.552451,30,3
ewa_pd90_pf1,1579,5.91829530728538,4.01,1.8841178307101707,2025-07-30T01:53:10.553936,40,2
ewa_pd90_pf1,1580,6.9042167300737765,4.08,1.9114392483152582,2025-07-30T01:53:11.554078,14,3
ewa_pd90_pf1,1581,6.81512479096608,4.02,1.8866902236456307,2025-07-30T01:53:12.555964,37,3
ewa_pd90_pf1,1582,5.879930814796674,4.2,1.907878402833891,2025-07-30T01:53:13.549647,34,2
ewa_pd90_pf1,1583,6.889293262756302,3.81,1.8476742137076003,2025-07-30T01:53:14.541255,38,1
ewa_pd90_pf1,1584,6.551138906231503,4.12,1.9711925324533877,2025-07-30T01:53:15.548441,30,3
ewa_pd90_pf1,1585,7.3021703012130015,4.1,1.9157244060668017,2025-07-30T01:53:16.555432,62,2
ewa_pd90_pf1,1586,7.747800674073172,4.47,1.9465610701953326,2025-07-30T01:53:17.553918,44,1
ewa_pd90_pf1,1587,6.373164537018053,4.22,1.7004705231199981,2025-07-30T01:53:18.556378,15,2
ewa_pd90_pf1,1588,5.645867221936181,3.94,1.9069347130932406,2025-07-30T01:53:19.558387,14,2
ewa_pd90_pf1,1589,6.459769476851368,4.03,1.8409508412774092,2025-07-30T01:53:20.559640,44,2
ewa_pd90_pf1,1590,6.28253677368211,3.82,1.8993683160461532,2025-07-30T01:53:21.553596,53,2
ewa_pd90_pf1,1591,5.455801540622188,3.81,1.8422540541412846,2025-07-30T01:53:22.558889,64,3
ewa_pd90_pf1,1592,6.929645357760065,3.76,1.8499729727755485,2025-07-30T01:53:23.559927,22,2
ewa_pd90_pf1,1593,6.493831567093694,3.95,1.8131464364468746,2025-07-30T01:53:24.572707,57,1
ewa_pd90_pf1,1594,5.846222956384534,3.91,1.7668899230002983,2025-07-30T01:53:25.568789,24,1
ewa_pd90_pf1,1595,4.679640035666506,4.09,1.7612211672586724,2025-07-30T01:53:26.570568,43,1
ewa_pd90_pf1,1596,6.747628512978972,3.81,1.911517721602392,2025-07-30T01:53:27.573476,10,2
ewa_pd90_pf1,1597,6.873206141457908,3.82,1.915097908724251,2025-07-30T01:53:28.580408,41,1
ewa_pd90_pf1,1598,6.702025641908692,4.13,1.683181511305302,2025-07-30T01:53:29.593730,44,3
ewa_pd90_pf1,1599,6.630718222898294,4.04,1.8051038751274122,2025-07-30T01:53:30.594001,71,3
ewa_pd90_pf1,1600,5.955761198763275,3.94,1.6722440013347335,2025-07-30T01:53:31.593957,70,3
ewa_pd90_pf1,1601,6.276045871226026,4.04,1.9489484344127734,2025-07-30T01:53:36.742517,16,2
ewa_pd90_pf1,1602,7.407289109383232,3.94,1.7310112651279888,2025-07-30T01:53:37.755247,25,2
ewa_pd90_pf1,1603,5.650065453154491,4.2,1.928730152198591,2025-07-30T01:53:38.760966,62,2
ewa_pd90_pf1,1604,7.070949053639937,4.27,1.8267731112538306,2025-07-30T01:53:39.762650,75,2
ewa_pd90_pf1,1605,5.085748708168924,3.93,1.7102923726661474,2025-07-30T01:53:40.768354,38,3
ewa_pd90_pf1,1606,7.431004848570979,4.14,1.8921944931745256,2025-07-30T01:53:41.775122,20,3
ewa_pd90_pf1,1607,6.151491357318806,4.11,1.9590558950678256,2025-07-30T01:53:42.776111,68,2
ewa_pd90_pf1,1608,5.3499366801165165,4.16,1.7647662734764624,2025-07-30T01:53:43.767019,21,1
ewa_pd90_pf1,1609,6.90084955748045,4.19,1.7128631001921901,2025-07-30T01:53:44.778629,52,1
ewa_pd90_pf1,1610,6.0000045158369915,4.11,1.754394482435464,2025-07-30T01:53:45.783362,27,3
ewa_pd90_pf1,1611,5.6116809051411245,3.91,1.8659849945806102,2025-07-30T01:53:46.772593,39,1
ewa_pd90_pf1,1612,4.479910220820659,4.14,2.039705861147631,2025-07-30T01:53:47.768470,55,2
ewa_pd90_pf1,1613,7.576335020127663,4.31,1.6893489870361302,2025-07-30T01:53:48.784870,31,3
ewa_pd90_pf1,1614,6.9024675277153085,4.25,1.9512816301087856,2025-07-30T01:53:49.777749,57,1
ewa_pd90_pf1,1615,6.2106084103469446,4.05,1.961504524593303,2025-07-30T01:53:50.879912,28,2
ewa_pd90_pf1,1616,5.315050538921795,4.28,1.8977881862842332,2025-07-30T01:53:51.888804,29,2
ewa_pd90_pf1,1617,5.293998582947663,4.36,1.9106019993708787,2025-07-30T01:53:52.885079,75,2
ewa_pd90_pf1,1618,5.956714198249387,4.18,1.9046259475288054,2025-07-30T01:53:53.842518,40,3
ewa_pd90_pf1,1619,6.808319210595273,4.04,1.7939899665271264,2025-07-30T01:53:54.832488,18,1
ewa_pd90_pf1,1620,5.6538290740304165,3.89,1.8702673605663975,2025-07-30T01:53:55.844636,70,1
ewa_pd90_pf1,1621,4.56050101866854,3.9,1.7406895185529212,2025-07-30T01:53:56.846922,68,3
ewa_pd90_pf1,1622,5.206235582234652,4.09,1.9702537907589468,2025-07-30T01:53:57.843338,39,2
ewa_pd90_pf1,1623,4.405595900651793,4.05,1.8993419913222578,2025-07-30T01:53:58.859413,52,2
ewa_pd90_pf1,1624,4.700453052130881,4.03,1.8732591918898998,2025-07-30T01:53:59.861408,49,2
ewa_pd90_pf1,1625,3.3264929844548656,4.03,1.840950841277409,2025-07-30T01:54:00.859496,57,1
ewa_pd90_pf1,1626,5.155758978044404,3.94,1.8698663053812163,2025-07-30T01:54:01.871174,54,1
ewa_pd90_pf1,1627,4.495090823859338,3.86,1.9900753754569198,2025-07-30T01:54:02.882413,52,1
ewa_pd90_pf1,1628,5.971775881224648,3.95,1.8781639970992945,2025-07-30T01:54:03.893901,10,1
ewa_pd90_pf1,1629,5.757949752662101,4.38,1.937937047481161,2025-07-30T01:54:04.894601,21,1
ewa_pd90_pf1,1630,6.101764902945079,3.88,1.8399999999999999,2025-07-30T01:54:05.891787,50,2
ewa_pd90_pf1,1631,3.380665098870046,4.09,2.059587337308132,2025-07-30T01:54:06.895153,62,1
ewa_pd90_pf1,1632,6.382990077247702,3.97,1.6640612969479223,2025-07-30T01:54:07.890625,45,2
ewa_pd90_pf1,1633,3.2036281521215857,4.28,1.789301539707603,2025-07-30T01:54:08.893530,13,3
ewa_pd90_pf1,1634,5.216265368973636,4.01,1.7691523393987303,2025-07-30T01:54:09.890296,28,2
ewa_pd90_pf1,1635,6.952735800706353,4.09,1.800527700425628,2025-07-30T01:54:10.891048,34,2
ewa_pd90_pf1,1636,5.685603335066761,3.85,1.5898113095584645,2025-07-30T01:54:11.901556,15,3
ewa_pd90_pf1,1637,3.9044234990294613,4.1,1.9157244060668017,2025-07-30T01:54:12.900011,34,2
ewa_pd90_pf1,1638,3.4489315350210887,4.02,1.8492160501142099,2025-07-30T01:54:13.903687,43,2
ewa_pd90_pf1,1639,5.408194466228281,4.23,1.7991942641082426,2025-07-30T01:54:14.918678,76,1
ewa_pd90_pf1,1640,4.243348274977102,4.14,1.8385864135253474,2025-07-30T01:54:15.915543,51,1
ewa_pd90_pf1,1641,4.116726099033213,4.14,1.7721173776022854,2025-07-30T01:54:16.913853,48,3
ewa_pd90_pf1,1642,3.8873030336903343,4.0,1.6792855623746665,2025-07-30T01:54:17.909722,37,1
ewa_pd90_pf1,1643,6.575061534417232,4.25,1.8020821290940099,2025-07-30T01:54:18.915888,63,1
ewa_pd90_pf1,1644,4.617016774883327,4.2,1.8708286933869709,2025-07-30T01:54:19.914604,10,3
ewa_pd90_pf1,1645,6.164123324801078,4.16,1.9376274151652582,2025-07-30T01:54:20.912882,17,3
ewa_pd90_pf1,1646,6.017341128094924,3.69,1.5012994371543606,2025-07-30T01:54:21.901373,26,1
ewa_pd90_pf1,1647,6.422010493066333,3.89,1.7882673178247148,2025-07-30T01:54:22.918768,28,3
ewa_pd90_pf1,1648,6.151765850135589,4.34,1.7788760496448313,2025-07-30T01:54:23.926080,63,3
ewa_pd90_pf1,1649,6.7701450176935944,3.99,1.5905659370173875,2025-07-30T01:54:24.931081,24,2
ewa_pd90_pf1,1650,5.65975188879608,4.13,1.8311471814138807,2025-07-30T01:54:25.927475,21,3
ewa_pd90_pf1,1651,6.759375425782128,3.89,1.6606926265868704,2025-07-30T01:54:26.920250,30,3
ewa_pd90_pf1,1652,6.908827555093174,4.12,1.7679366504487655,2025-07-30T01:54:27.920832,49,3
ewa_pd90_pf1,1653,7.219093733490511,4.4,1.9131126469708992,2025-07-30T01:54:28.918291,77,3
ewa_pd90_pf1,1654,7.42520333230076,4.33,1.8817810712194976,2025-07-30T01:54:29.925772,71,1
ewa_pd90_pf1,1655,5.409261713856213,3.95,2.00187412191676,2025-07-30T01:54:30.936606,36,1
ewa_pd90_pf1,1656,4.94513580726482,3.92,1.890396783746735,2025-07-30T01:54:31.951948,52,1
ewa_pd90_pf1,1657,6.567922377488429,4.08,1.8093092604637826,2025-07-30T01:54:32.960598,37,1
ewa_pd90_pf1,1658,4.9461210747528055,3.83,1.7323683211141907,2025-07-30T01:54:33.973271,46,2
ewa_pd90_pf1,1659,6.4056993434995055,3.91,1.778173219908567,2025-07-30T01:54:34.970425,75,2
ewa_pd90_pf1,1660,6.434485800321374,4.29,1.9041796133768474,2025-07-30T01:54:35.978254,65,3
ewa_pd90_pf1,1661,5.07671782660099,4.16,1.6230834852218787,2025-07-30T01:54:36.979667,19,1
ewa_pd90_pf1,1662,4.808177834020335,3.83,1.876459432015518,2025-07-30T01:54:37.983493,28,2
ewa_pd90_pf1,1663,5.965826728261129,3.98,1.8438004230393263,2025-07-30T01:54:38.994599,70,2
ewa_pd90_pf1,1664,6.9409128596550085,4.06,1.7310112651279888,2025-07-30T01:54:39.983231,47,2
ewa_pd90_pf1,1665,5.538800781947351,4.07,1.8507025692963197,2025-07-30T01:54:41.079508,11,3
ewa_pd90_pf1,1666,7.947126667693538,4.09,1.8060730882220684,2025-07-30T01:54:42.073726,53,1
ewa_pd90_pf1,1667,7.318807486068311,3.91,1.8226080214900844,2025-07-30T01:54:43.050781,58,2
ewa_pd90_pf1,1668,7.025734181633679,3.97,1.9771444054494351,2025-07-30T01:54:44.008772,59,2
ewa_pd90_pf1,1669,6.531524711157766,4.11,1.8379064176393747,2025-07-30T01:54:45.009310,24,2
ewa_pd90_pf1,1670,5.489220450088506,4.22,1.9928873525616044,2025-07-30T01:54:46.008891,12,3
ewa_pd90_pf1,1671,6.731670756124084,3.96,1.6365818036383026,2025-07-30T01:54:47.013070,34,2
ewa_pd90_pf1,1672,6.094084093287245,3.81,1.787148566851676,2025-07-30T01:54:48.012903,32,3
ewa_pd90_pf1,1673,6.751593257382237,4.22,1.8951517089668577,2025-07-30T01:54:49.018897,56,1
ewa_pd90_pf1,1674,6.177664575429636,4.07,1.8289614539404595,2025-07-30T01:54:50.022791,46,1
ewa_pd90_pf1,1675,6.892269183256095,4.12,1.930181338631166,2025-07-30T01:54:51.027102,65,1
ewa_pd90_pf1,1676,7.050149087895845,3.89,1.8649128665972572,2025-07-30T01:54:52.020812,57,2
ewa_pd90_pf1,1677,7.915085512065625,4.24,1.8172506706560876,2025-07-30T01:54:53.013855,56,3
ewa_pd90_pf1,1678,6.057092971226142,4.5,1.7748239349298849,2025-07-30T01:54:54.007944,76,1
ewa_pd90_pf1,1679,7.140489028993343,4.2,1.8973665961010278,2025-07-30T01:54:55.017114,58,3
ewa_pd90_pf1,1680,6.313417148179818,4.25,1.8993419913222578,2025-07-30T01:54:56.009970,20,3
ewa_pd90_pf1,1681,7.2730271633227925,3.6,1.5874507866387542,2025-07-30T01:54:57.018371,17,1
ewa_pd90_pf1,1682,6.986973811853456,3.94,1.8374982993189408,2025-07-30T01:54:58.011320,45,1
ewa_pd90_pf1,1683,6.083148317915149,4.19,1.8957584234284703,2025-07-30T01:54:59.018104,51,1
ewa_pd90_pf1,1684,7.261017406710669,3.96,1.684755175092215,2025-07-30T01:55:00.010895,58,1
ewa_pd90_pf1,1685,6.222853705788,3.98,1.6672132437093943,2025-07-30T01:55:01.002791,56,1
ewa_pd90_pf1,1686,6.3815306227334085,3.93,1.996271524617831,2025-07-30T01:55:02.005336,75,2
ewa_pd90_pf1,1687,7.6672307851364545,4.24,1.9754493159785194,2025-07-30T01:55:03.010416,22,2
ewa_pd90_pf1,1688,7.2824157318066725,4.29,1.7905027227010855,2025-07-30T01:55:04.004528,71,3
ewa_pd90_pf1,1689,5.71853519699159,4.13,1.9527160571880389,2025-07-30T01:55:05.015257,46,1
ewa_pd90_pf1,1690,6.869098631522651,4.13,1.900815614413981,2025-07-30T01:55:06.013402,53,2
ewa_pd90_pf1,1691,5.400668036517531,3.82,1.8993683160461534,2025-07-30T01:55:07.025225,33,2
ewa_pd90_pf1,1692,6.235377631950934,4.2,1.8920887928424501,2025-07-30T01:55:08.017224,19,2
ewa_pd90_pf1,1693,6.821015634766761,4.21,1.6204628968291745,2025-07-30T01:55:09.010201,25,2
ewa_pd90_pf1,1694,6.318044690862356,4.01,1.7916193792209327,2025-07-30T01:55:10.017847,50,1
ewa_pd90_pf1,1695,7.058918758986821,4.4,1.8275666882497066,2025-07-30T01:55:11.031844,48,2
ewa_pd90_pf1,1696,6.917619251684267,4.34,1.8720042734993956,2025-07-30T01:55:12.022504,40,2
ewa_pd90_pf1,1697,6.112436874366913,4.16,1.85321342537766,2025-07-30T01:55:13.025328,59,2
ewa_pd90_pf1,1698,6.376612455448526,3.6,1.5999999999999999,2025-07-30T01:55:14.019013,49,3
ewa_pd90_pf1,1699,6.678535404965667,3.81,1.8530785196531743,2025-07-30T01:55:15.015646,17,2
ewa_pd90_pf1,1700,5.471780732923468,4.09,2.0789179878003847,2025-07-30T01:55:16.014637,20,1
ewa_pd90_pf1,1701,7.223479003699868,4.21,1.8830560267819967,2025-07-30T01:55:21.104578,78,2
ewa_pd90_pf1,1702,6.971335250693172,4.04,1.810635247641004,2025-07-30T01:55:22.093537,38,2
ewa_pd90_pf1,1703,7.323182050928522,4.06,1.6542067585401774,2025-07-30T01:55:23.093096,33,1
ewa_pd90_pf1,1704,5.4595330065296475,4.07,1.8289614539404595,2025-07-30T01:55:24.080480,16,2
ewa_pd90_pf1,1705,6.8076420381902585,3.94,1.6722440013347335,2025-07-30T01:55:25.087829,17,3
ewa_pd90_pf1,1706,7.296566000983241,4.17,1.8604031821086524,2025-07-30T01:55:26.081825,31,2
ewa_pd90_pf1,1707,6.59561409356127,4.06,1.9484352696458769,2025-07-30T01:55:27.094271,23,3
ewa_pd90_pf1,1708,7.104818314475777,3.96,1.7658992043715291,2025-07-30T01:55:28.106734,33,3
ewa_pd90_pf1,1709,6.353364729834805,3.96,1.8380424369420856,2025-07-30T01:55:29.108274,23,3
ewa_pd90_pf1,1710,7.026789365182886,4.44,1.8510537539466538,2025-07-30T01:55:30.118403,12,3
ewa_pd90_pf1,1711,6.25472223814846,4.32,1.672602762164406,2025-07-30T01:55:31.109087,24,3
ewa_pd90_pf1,1712,6.84895772324259,3.99,1.8894178997776008,2025-07-30T01:55:32.127424,31,2
ewa_pd90_pf1,1713,6.512505539055269,4.07,1.7790727922150908,2025-07-30T01:55:33.124890,24,1
ewa_pd90_pf1,1714,5.436118862390395,3.81,2.062498484847928,2025-07-30T01:55:34.128040,36,2
ewa_pd90_pf1,1715,5.110818133973341,4.0,1.9798989873223332,2025-07-30T01:55:35.223643,64,2
ewa_pd90_pf1,1716,7.01745291007574,4.29,1.914654015742792,2025-07-30T01:55:36.239894,31,2
ewa_pd90_pf1,1717,7.583100836103423,4.42,1.914053290794172,2025-07-30T01:55:37.224592,63,1
ewa_pd90_pf1,1718,5.685467588034247,4.0,1.944222209522358,2025-07-30T01:55:38.182009,71,3
ewa_pd90_pf1,1719,6.176351946165286,4.0,1.9183326093250879,2025-07-30T01:55:39.185074,45,2
ewa_pd90_pf1,1720,6.969451492708889,3.97,1.7858051405458546,2025-07-30T01:55:40.185000,59,1
ewa_pd90_pf1,1721,4.748477277586719,4.21,1.9559907975243647,2025-07-30T01:55:41.177815,33,3
ewa_pd90_pf1,1722,5.717777345566336,4.04,1.8325937902328493,2025-07-30T01:55:42.163612,71,2
ewa_pd90_pf1,1723,4.841194216651983,3.99,2.0322155397496595,2025-07-30T01:55:43.162867,69,2
ewa_pd90_pf1,1724,4.736054428398379,3.76,1.8768057970924963,2025-07-30T01:55:44.161074,57,2
ewa_pd90_pf1,1725,7.212922462520809,4.25,1.6815171720800237,2025-07-30T01:55:45.154318,37,3
ewa_pd90_pf1,1726,7.362613384186529,4.44,1.6632498309033434,2025-07-30T01:55:46.147496,71,1
ewa_pd90_pf1,1727,4.754698133414565,3.67,1.8003055296254575,2025-07-30T01:55:47.149007,69,2
ewa_pd90_pf1,1728,5.9407060091985375,4.28,1.8004443895883038,2025-07-30T01:55:48.142469,75,3
ewa_pd90_pf1,1729,7.578372676734471,4.27,1.6843693181722352,2025-07-30T01:55:49.151218,68,2
ewa_pd90_pf1,1730,6.938687106680656,4.13,1.7813197354770425,2025-07-30T01:55:50.158539,40,3
ewa_pd90_pf1,1731,4.582789927741801,3.86,1.954584354792599,2025-07-30T01:55:51.166548,12,1
ewa_pd90_pf1,1732,6.231495710396664,3.83,1.8058515996615006,2025-07-30T01:55:52.178233,10,1
ewa_pd90_pf1,1733,6.496979772005778,4.12,1.6141871019184857,2025-07-30T01:55:53.182941,39,2
ewa_pd90_pf1,1734,6.569064037789958,3.96,1.73735431043872,2025-07-30T01:55:54.197463,62,2
ewa_pd90_pf1,1735,7.14351520465365,3.98,1.8760597005426025,2025-07-30T01:55:55.203051,40,2
ewa_pd90_pf1,1736,6.539592926008996,4.32,1.8648324321504062,2025-07-30T01:55:56.202582,42,3
ewa_pd90_pf1,1737,6.951229317827941,4.04,1.8488915598271307,2025-07-30T01:55:57.213789,18,3
ewa_pd90_pf1,1738,6.043342922360607,3.78,1.7238329385413194,2025-07-30T01:55:58.204876,41,3
ewa_pd90_pf1,1739,6.132158196395583,4.1,1.7578395831246945,2025-07-30T01:55:59.206178,68,1
ewa_pd90_pf1,1740,5.684052881337086,3.86,1.8111874557869487,2025-07-30T01:56:00.200198,14,2
ewa_pd90_pf1,1741,6.231455418365801,4.11,1.891533769193667,2025-07-30T01:56:01.203697,72,2
ewa_pd90_pf1,1742,5.429943335126029,3.79,1.8724048707477772,2025-07-30T01:56:02.203360,64,2
ewa_pd90_pf1,1743,7.30654283407353,3.82,1.6454786537661312,2025-07-30T01:56:03.187757,60,2
ewa_pd90_pf1,1744,6.5946964492171665,3.88,1.733666634621547,2025-07-30T01:56:04.213727,60,1
ewa_pd90_pf1,1745,6.473217018559874,4.4,1.833030277982336,2025-07-30T01:56:05.220113,57,2
ewa_pd90_pf1,1746,7.131133685808632,4.07,1.7564452738414593,2025-07-30T01:56:06.217156,36,1
ewa_pd90_pf1,1747,6.002870383398388,4.25,1.9968725547715858,2025-07-30T01:56:07.216219,31,2
ewa_pd90_pf1,1748,6.9637489688817595,4.0,1.6552945357246849,2025-07-30T01:56:08.224548,69,1
ewa_pd90_pf1,1749,5.1057665507626,3.99,1.9052296449509702,2025-07-30T01:56:09.223040,57,3
ewa_pd90_pf1,1750,6.5020777439994735,3.86,1.8056577748842664,2025-07-30T01:56:10.216917,66,1
ewa_pd90_pf1,1751,6.2954407625307285,4.26,1.7585221067703412,2025-07-30T01:56:11.222750,58,3
ewa_pd90_pf1,1752,5.908020627342104,3.99,1.8627667594199764,2025-07-30T01:56:12.219661,11,2
ewa_pd90_pf1,1753,7.522673638286593,4.12,1.7792133093027378,2025-07-30T01:56:13.224893,65,3
ewa_pd90_pf1,1754,6.61077235392583,4.18,1.9818173477896492,2025-07-30T01:56:14.226105,69,3
ewa_pd90_pf1,1755,4.591110883270491,3.78,1.71802211860034,2025-07-30T01:56:15.223794,19,2
ewa_pd90_pf1,1756,6.968333961607595,4.06,1.7766260157951084,2025-07-30T01:56:16.223844,65,2
ewa_pd90_pf1,1757,6.321339959722665,4.25,1.7342145196024625,2025-07-30T01:56:17.235863,70,1
ewa_pd90_pf1,1758,4.550335964350628,4.02,2.054166497633529,2025-07-30T01:56:18.234849,50,1
ewa_pd90_pf1,1759,6.536451586717717,3.93,2.0062651868584074,2025-07-30T01:56:19.254080,15,1
ewa_pd90_pf1,1760,6.523167557722618,3.91,1.8978672240175283,2025-07-30T01:56:20.255646,66,3
ewa_pd90_pf1,1761,6.545249324980648,4.19,1.7983047572644633,2025-07-30T01:56:21.261058,14,1
ewa_pd90_pf1,1762,8.634756117958235,3.86,1.7089177862027185,2025-07-30T01:56:22.267897,75,2
ewa_pd90_pf1,1763,7.93664404066719,3.91,1.685793581670069,2025-07-30T01:56:23.275864,28,3
ewa_pd90_pf1,1764,6.860485244739795,4.1,1.9,2025-07-30T01:56:24.281773,65,2
ewa_pd90_pf1,1765,7.5678625581238474,3.97,1.7858051405458546,2025-07-30T01:56:25.384816,34,3
ewa_pd90_pf1,1766,5.828715546941852,4.23,1.853941746657645,2025-07-30T01:56:26.403738,73,3
ewa_pd90_pf1,1767,6.65676033556643,3.78,1.8898677202386418,2025-07-30T01:56:27.389533,25,1
ewa_pd90_pf1,1768,5.775744698777677,4.19,1.7360587547660937,2025-07-30T01:56:28.366920,57,1
ewa_pd90_pf1,1769,3.725819175521169,3.92,1.9425756098540925,2025-07-30T01:56:29.376858,17,2
ewa_pd90_pf1,1770,7.679236079125635,4.15,1.82414363469547,2025-07-30T01:56:30.385782,76,1
ewa_pd90_pf1,1771,4.665567106307523,3.83,1.9852203907878843,2025-07-30T01:56:31.395342,29,2
ewa_pd90_pf1,1772,6.134133370112074,4.06,1.5863164879682743,2025-07-30T01:56:32.392274,55,2
ewa_pd90_pf1,1773,5.99896749047688,4.24,1.8874321179846445,2025-07-30T01:56:33.399530,32,1
ewa_pd90_pf1,1774,6.0662291213162876,4.04,1.9022092419079455,2025-07-30T01:56:34.418219,56,1
ewa_pd90_pf1,1775,7.190828195986542,4.37,1.622682963489788,2025-07-30T01:56:35.420026,25,2
ewa_pd90_pf1,1776,7.051555436049565,3.86,1.8331393836803573,2025-07-30T01:56:36.410189,22,2
ewa_pd90_pf1,1777,5.787321236078113,3.93,1.9962715246178309,2025-07-30T01:56:37.408262,40,2
ewa_pd90_pf1,1778,5.981240485227091,3.93,1.7564452738414593,2025-07-30T01:56:38.408742,37,1
ewa_pd90_pf1,1779,5.871880534369358,3.89,1.9539447279797857,2025-07-30T01:56:39.409030,56,2
ewa_pd90_pf1,1780,7.827724823549501,4.03,1.7404309811078404,2025-07-30T01:56:40.408564,75,3
ewa_pd90_pf1,1781,6.260700763685431,3.8,1.7320508075688772,2025-07-30T01:56:41.423048,21,2
ewa_pd90_pf1,1782,5.85420091217071,4.27,1.8431223507949765,2025-07-30T01:56:42.433194,22,3
ewa_pd90_pf1,1783,5.64332041782051,3.99,2.017399315951108,2025-07-30T01:56:43.447875,53,3
ewa_pd90_pf1,1784,7.301130607913169,3.89,1.7994165721144173,2025-07-30T01:56:44.458618,56,3
ewa_pd90_pf1,1785,7.245003204112275,3.82,1.7400000000000002,2025-07-30T01:56:45.463670,32,1
ewa_pd90_pf1,1786,6.710731237511267,4.04,1.8434749794884662,2025-07-30T01:56:46.480549,46,3
ewa_pd90_pf1,1787,7.079494939516722,3.94,1.7310112651279888,2025-07-30T01:56:47.490878,43,3
ewa_pd90_pf1,1788,8.256456900924343,3.73,1.7711860433054454,2025-07-30T01:56:48.502029,34,3
ewa_pd90_pf1,1789,6.910702570010384,3.86,1.854831528737853,2025-07-30T01:56:49.524332,71,3
ewa_pd90_pf1,1790,6.81024226543531,4.1,1.6941074346097418,2025-07-30T01:56:50.524006,12,3
ewa_pd90_pf1,1791,6.429535063404717,3.59,1.794965180720785,2025-07-30T01:56:51.538134,48,1
ewa_pd90_pf1,1792,6.211267313054748,4.47,1.6459343850834391,2025-07-30T01:56:52.552232,73,1
ewa_pd90_pf1,1793,5.05391413843324,3.96,1.9022092419079453,2025-07-30T01:56:53.549998,35,1
ewa_pd90_pf1,1794,7.664080601004302,3.81,1.7983047572644633,2025-07-30T01:56:54.549581,62,1
ewa_pd90_pf1,1795,6.453588854116029,4.15,1.7342145196024625,2025-07-30T01:56:55.557479,64,1
ewa_pd90_pf1,1796,6.04768811592927,4.03,1.8944920163463346,2025-07-30T01:56:56.568946,26,1
ewa_pd90_pf1,1797,5.745244741124231,3.87,1.7473122216707577,2025-07-30T01:56:57.585350,74,3
ewa_pd90_pf1,1798,6.026040900022659,3.91,1.8226080214900844,2025-07-30T01:56:58.600075,37,1
ewa_pd90_pf1,1799,5.863422583315938,3.91,1.9651717482194782,2025-07-30T01:56:59.605035,16,1
ewa_pd90_pf1,1800,5.743371783418558,3.61,1.9641537618017588,2025-07-30T01:57:00.596624,74,2
ewa_pd90_pf1,1801,7.252415559958294,4.3,1.8681541692269406,2025-07-30T01:57:05.761014,30,1
ewa_pd90_pf1,1802,6.667381825095075,4.14,1.8709355948294961,2025-07-30T01:57:06.784723,47,2
ewa_pd90_pf1,1803,6.825690168864684,4.12,1.872324758154952,2025-07-30T01:57:07.803424,67,3
ewa_pd90_pf1,1804,7.372804568819395,4.4,1.9544820285692064,2025-07-30T01:57:08.788344,51,3
ewa_pd90_pf1,1805,6.5234664727420135,4.0,1.7888543819998317,2025-07-30T01:57:09.801819,48,3
ewa_pd90_pf1,1806,6.496498191293599,3.92,1.7186040847152668,2025-07-30T01:57:10.811872,23,3
ewa_pd90_pf1,1807,6.828269392734471,4.15,1.7965244223221684,2025-07-30T01:57:11.831248,36,3
ewa_pd90_pf1,1808,6.2130530869360205,3.94,1.8645106596638166,2025-07-30T01:57:12.843063,22,3
ewa_pd90_pf1,1809,4.870254837159408,4.03,1.8409508412774092,2025-07-30T01:57:13.856683,47,3
ewa_pd90_pf1,1810,0.06286455153535715,4.01,1.8894178997776008,2025-07-30T01:57:14.856835,55,2
ewa_pd90_pf1,1811,2.491339804006332,4.18,1.7342433508593884,2025-07-30T01:57:15.853694,41,1
ewa_pd90_pf1,1812,5.7276266316378,3.96,1.875739854030937,2025-07-30T01:57:16.856821,64,3
ewa_pd90_pf1,1813,7.3676628975734415,4.17,1.7553062410872924,2025-07-30T01:57:17.850306,62,3
ewa_pd90_pf1,1814,4.471807317427579,4.13,1.8743265457224896,2025-07-30T01:57:18.851484,24,2
ewa_pd90_pf1,1815,5.719674727515727,4.23,1.7991942641082426,2025-07-30T01:57:19.949572,16,2
ewa_pd90_pf1,1816,7.178031251544969,3.84,1.820549367636044,2025-07-30T01:57:20.971355,17,2
ewa_pd90_pf1,1817,4.72357811737168,3.81,1.8422540541412848,2025-07-30T01:57:21.970733,46,3
ewa_pd90_pf1,1818,6.516233977642195,4.17,1.892379454549219,2025-07-30T01:57:22.946124,16,1
ewa_pd90_pf1,1819,6.655853645412111,4.38,1.748027459738548,2025-07-30T01:57:23.961774,77,2
ewa_pd90_pf1,1820,6.880821093986707,4.16,1.95816240388789,2025-07-30T01:57:24.977116,17,3
ewa_pd90_pf1,1821,6.745475070419677,4.2,1.783255450012701,2025-07-30T01:57:25.979135,32,2
ewa_pd90_pf1,1822,6.822082318088605,4.09,1.7383612973142264,2025-07-30T01:57:26.969330,43,3
ewa_pd90_pf1,1823,5.713843097104564,3.54,1.5389606882568507,2025-07-30T01:57:27.971040,22,3
ewa_pd90_pf1,1824,7.22397512154047,4.02,1.8329211657897344,2025-07-30T01:57:28.986821,12,2
ewa_pd90_pf1,1825,5.334571873174735,3.74,1.7471119025408761,2025-07-30T01:57:29.981904,49,2
ewa_pd90_pf1,1826,6.1106266055738345,3.89,1.6486054712999105,2025-07-30T01:57:30.979453,70,3
ewa_pd90_pf1,1827,7.4212088447251645,4.46,1.9412367192076292,2025-07-30T01:57:31.991171,19,3
ewa_pd90_pf1,1828,4.635240030577358,4.04,1.912694434560837,2025-07-30T01:57:32.999600,78,2
ewa_pd90_pf1,1829,7.092097441441394,4.02,1.9543796969882796,2025-07-30T01:57:34.013159,57,2
ewa_pd90_pf1,1830,6.347293852877441,3.93,1.7564452738414595,2025-07-30T01:57:35.025408,63,3
ewa_pd90_pf1,1831,7.423027019065726,3.99,1.6822306619485925,2025-07-30T01:57:36.032636,54,2
ewa_pd90_pf1,1832,5.957104548029708,4.3,1.8193405398660252,2025-07-30T01:57:37.033474,63,2
ewa_pd90_pf1,1833,6.535709905980173,3.93,1.7277441940287341,2025-07-30T01:57:38.035369,17,3
ewa_pd90_pf1,1834,5.216305686728597,4.05,1.8940696924875813,2025-07-30T01:57:39.031654,21,1
ewa_pd90_pf1,1835,5.799285248739485,3.85,1.8296174463531985,2025-07-30T01:57:40.044909,39,2
ewa_pd90_pf1,1836,7.365264907737683,3.74,1.905885620912231,2025-07-30T01:57:41.056128,71,2
ewa_pd90_pf1,1837,7.378480852823164,4.07,1.6386274744431693,2025-07-30T01:57:42.056028,28,2
ewa_pd90_pf1,1838,7.7011658667895135,4.29,1.756672991765969,2025-07-30T01:57:43.059062,45,2
ewa_pd90_pf1,1839,6.9621257402976475,3.99,1.819313057172954,2025-07-30T01:57:44.072479,55,3
ewa_pd90_pf1,1840,6.942586593039535,4.06,1.7596590578859306,2025-07-30T01:57:45.067610,10,1
ewa_pd90_pf1,1841,7.599812974895517,4.1,1.786057109949175,2025-07-30T01:57:46.069312,40,1
ewa_pd90_pf1,1842,7.191873265109843,4.18,1.7226723426119086,2025-07-30T01:57:47.069424,64,3
ewa_pd90_pf1,1843,7.443716766397677,4.18,1.8993683160461534,2025-07-30T01:57:48.081812,39,1
ewa_pd90_pf1,1844,7.2317169002695225,3.78,1.7180221186003402,2025-07-30T01:57:49.092882,38,2
ewa_pd90_pf1,1845,5.828423306135825,3.7,1.824828759089466,2025-07-30T01:57:50.090199,22,1
ewa_pd90_pf1,1846,6.400411296900152,4.15,1.8567444627627143,2025-07-30T01:57:51.093996,73,2
ewa_pd90_pf1,1847,7.571958334530651,3.89,1.8433393610510245,2025-07-30T01:57:52.095405,73,2
ewa_pd90_pf1,1848,8.274357465462494,4.06,1.7709884245810306,2025-07-30T01:57:53.107806,29,3
ewa_pd90_pf1,1849,7.34611741363584,4.22,1.7976651523573572,2025-07-30T01:57:54.120181,78,2
ewa_pd90_pf1,1850,7.193678476237629,4.28,1.8819139193916388,2025-07-30T01:57:55.125682,28,2
ewa_pd90_pf1,1851,7.261880690199541,3.78,2.0812496246245913,2025-07-30T01:57:56.123272,26,3
ewa_pd90_pf1,1852,6.378205649000925,4.33,1.9649681931267995,2025-07-30T01:57:57.116679,18,2
ewa_pd90_pf1,1853,6.8636310144115775,4.09,1.9083762731704665,2025-07-30T01:57:58.121645,67,2
ewa_pd90_pf1,1854,6.7967757418094,3.82,1.7284675293449976,2025-07-30T01:57:59.122655,41,1
ewa_pd90_pf1,1855,5.712804561057745,4.01,1.8411681074795967,2025-07-30T01:58:00.139463,20,2
ewa_pd90_pf1,1856,7.715817800709498,3.8,1.7888543819998317,2025-07-30T01:58:01.154777,52,3
ewa_pd90_pf1,1857,6.611984792195695,4.39,1.702321943699252,2025-07-30T01:58:02.162070,25,1
ewa_pd90_pf1,1858,7.0920279874352135,4.02,1.7775263711123948,2025-07-30T01:58:03.170153,55,2
ewa_pd90_pf1,1859,7.414747963354902,3.92,1.9270703152713446,2025-07-30T01:58:04.166936,62,1
ewa_pd90_pf1,1860,7.055155137376948,4.01,1.8357287381309908,2025-07-30T01:58:05.167451,24,3
ewa_pd90_pf1,1861,5.8696158142959645,4.06,1.8155990746858184,2025-07-30T01:58:06.165936,65,3
ewa_pd90_pf1,1862,6.552159895599714,3.81,1.8957584234284703,2025-07-30T01:58:07.174410,14,3
ewa_pd90_pf1,1863,7.007766543929668,4.01,1.8357287381309908,2025-07-30T01:58:08.165963,17,2
ewa_pd90_pf1,1864,7.788856168854197,3.89,1.7714118662806795,2025-07-30T01:58:09.169291,57,2
ewa_pd90_pf1,1865,7.397345231971052,4.09,1.887299658241902,2025-07-30T01:58:10.271797,35,3
ewa_pd90_pf1,1866,7.067544071387916,3.84,1.8150482087261484,2025-07-30T01:58:11.294224,16,2
ewa_pd90_pf1,1867,6.210733275837316,4.19,1.7244999275152202,2025-07-30T01:58:12.287307,53,1
ewa_pd90_pf1,1868,7.249997223419087,4.19,1.7927353401994393,2025-07-30T01:58:13.251728,32,1
ewa_pd90_pf1,1869,7.412560096840971,4.03,1.6337380450978058,2025-07-30T01:58:14.254676,43,2
ewa_pd90_pf1,1870,6.562868435476548,3.89,1.8433393610510242,2025-07-30T01:58:15.275385,10,3
ewa_pd90_pf1,1871,6.000813678909995,3.83,1.7723148704448655,2025-07-30T01:58:16.281655,32,1
ewa_pd90_pf1,1872,6.027013056230725,3.84,1.8639742487491613,2025-07-30T01:58:17.299612,33,2
ewa_pd90_pf1,1873,6.318016566894415,3.93,1.5636815532582073,2025-07-30T01:58:18.301206,26,2
ewa_pd90_pf1,1874,7.07628181056434,4.28,1.7837040113202638,2025-07-30T01:58:19.298199,55,2
ewa_pd90_pf1,1875,5.777928390204553,3.92,1.781460075331468,2025-07-30T01:58:20.307414,21,3
ewa_pd90_pf1,1876,6.8121806321923914,4.15,1.9665960439297134,2025-07-30T01:58:21.303584,57,1
ewa_pd90_pf1,1877,6.755223271725168,4.37,1.786924732606273,2025-07-30T01:58:22.309865,33,2
ewa_pd90_pf1,1878,6.421686371393956,4.22,1.7180221186003402,2025-07-30T01:58:23.329731,79,1
ewa_pd90_pf1,1879,6.371085664802968,3.89,1.8215103623092568,2025-07-30T01:58:24.346176,77,3
ewa_pd90_pf1,1880,7.166366132865271,4.17,1.871122657657696,2025-07-30T01:58:25.348068,35,3
ewa_pd90_pf1,1881,5.300925458694157,4.08,1.730202300310573,2025-07-30T01:58:26.356401,16,1
ewa_pd90_pf1,1882,6.878419219901519,3.98,1.7998888854593218,2025-07-30T01:58:27.349001,33,1
ewa_pd90_pf1,1883,7.295773468284119,4.03,1.8892061825009996,2025-07-30T01:58:28.362757,55,3
ewa_pd90_pf1,1884,6.701548248848302,3.87,1.71262955714305,2025-07-30T01:58:29.362338,13,3
ewa_pd90_pf1,1885,4.5137985175489685,3.76,1.924162155328911,2025-07-30T01:58:30.365976,73,2
ewa_pd90_pf1,1886,5.549735285571462,4.24,1.7036431551237483,2025-07-30T01:58:31.379619,10,3
ewa_pd90_pf1,1887,5.179758900112448,4.21,1.9041796133768474,2025-07-30T01:58:32.378096,47,3
ewa_pd90_pf1,1888,5.913367049042736,4.03,1.977144405449435,2025-07-30T01:58:33.374901,31,2
ewa_pd90_pf1,1889,5.978687043033464,4.0,1.8384776310850235,2025-07-30T01:58:34.382675,42,3
ewa_pd90_pf1,1890,5.9157627056070075,4.02,1.7376996288196644,2025-07-30T01:58:35.387080,57,2
ewa_pd90_pf1,1891,7.327816530881641,4.12,1.6448708155961669,2025-07-30T01:58:36.397009,23,2
ewa_pd90_pf1,1892,5.498850241476335,4.33,2.0883246873989685,2025-07-30T01:58:37.406827,48,3
ewa_pd90_pf1,1893,6.7138379679684626,3.83,1.8657706182701022,2025-07-30T01:58:38.409154,76,3
ewa_pd90_pf1,1894,4.8648788637189435,4.07,1.8614779074702983,2025-07-30T01:58:39.414901,35,2
ewa_pd90_pf1,1895,5.9040750339822266,3.95,1.745709025009609,2025-07-30T01:58:40.424134,25,1
ewa_pd90_pf1,1896,6.986019374365242,3.83,1.8817810712194973,2025-07-30T01:58:41.434314,56,2
ewa_pd90_pf1,1897,6.696098595910038,3.92,1.7926516672237247,2025-07-30T01:58:42.437520,75,1
ewa_pd90_pf1,1898,7.585053115848691,3.95,1.7342145196024625,2025-07-30T01:58:43.430515,78,1
ewa_pd90_pf1,1899,7.209450750866639,4.19,1.6834191397272398,2025-07-30T01:58:44.438143,41,3
ewa_pd90_pf1,1900,7.26336995487172,4.12,1.626530048907797,2025-07-30T01:58:45.433681,37,1
ewa_pd90_pf1,1901,6.241806961299611,4.05,1.8621224449536071,2025-07-30T01:58:50.612864,50,2
ewa_pd90_pf1,1902,7.382154504822702,4.32,1.737124060048677,2025-07-30T01:58:51.612965,54,3
ewa_pd90_pf1,1903,3.8359299659631088,4.0,1.772004514666935,2025-07-30T01:58:52.617260,70,1
ewa_pd90_pf1,1904,6.431136097332948,3.87,1.8091710809097075,2025-07-30T01:58:53.625684,67,1
ewa_pd90_pf1,1905,6.893725264126789,4.09,1.965171748219478,2025-07-30T01:58:54.641114,60,2
ewa_pd90_pf1,1906,7.096349965377385,3.95,1.7571283390805579,2025-07-30T01:58:55.644612,40,3
ewa_pd90_pf1,1907,7.411872043015929,4.18,1.8076504086797318,2025-07-30T01:58:56.655345,15,3
ewa_pd90_pf1,1908,7.111987669662234,4.1,1.7175564037317668,2025-07-30T01:58:57.666645,45,1
ewa_pd90_pf1,1909,5.821103201766165,4.04,1.8596773913773323,2025-07-30T01:58:58.670530,66,3
ewa_pd90_pf1,1910,7.660170596595007,3.79,1.7792976142287156,2025-07-30T01:58:59.682205,17,3
ewa_pd90_pf1,1911,7.09406115708161,4.31,1.775922295597417,2025-07-30T01:59:00.697141,25,3
ewa_pd90_pf1,1912,6.597123413938732,3.9,1.6522711641858305,2025-07-30T01:59:01.692327,28,3
ewa_pd90_pf1,1913,7.163210502550151,4.17,1.8333303030277985,2025-07-30T01:59:02.702618,35,1
ewa_pd90_pf1,1914,5.905217738759448,4.01,1.8465914545453739,2025-07-30T01:59:03.716895,27,2
ewa_pd90_pf1,1915,7.183905214018993,3.73,1.5222023518573344,2025-07-30T01:59:04.824484,66,1
ewa_pd90_pf1,1916,4.982414781502091,4.11,1.8595429545993283,2025-07-30T01:59:05.830217,10,1
ewa_pd90_pf1,1917,6.219585400951068,4.31,2.003471986327735,2025-07-30T01:59:06.830201,64,3
ewa_pd90_pf1,1918,5.648076399206706,3.96,1.8325937902328493,2025-07-30T01:59:07.802601,12,3
ewa_pd90_pf1,1919,7.547482697754257,3.86,2.1818340908510896,2025-07-30T01:59:08.816389,45,3
ewa_pd90_pf1,1920,6.335776485108202,4.2,1.6792855623746663,2025-07-30T01:59:09.833312,57,3
ewa_pd90_pf1,1921,6.424451329002887,3.86,1.8056577748842666,2025-07-30T01:59:10.834881,54,3
ewa_pd90_pf1,1922,6.250760950189742,4.09,1.8389942903663403,2025-07-30T01:59:11.833510,24,1
ewa_pd90_pf1,1923,7.227185303789904,4.07,1.762129393659841,2025-07-30T01:59:12.837435,55,3
ewa_pd90_pf1,1924,6.88810229725697,4.07,1.8398641254179613,2025-07-30T01:59:13.839575,39,2
ewa_pd90_pf1,1925,6.879174180094711,4.11,1.832457366489054,2025-07-30T01:59:14.837382,40,1
ewa_pd90_pf1,1926,7.405415444847942,4.0,1.6,2025-07-30T01:59:15.830550,32,2
ewa_pd90_pf1,1927,6.709919264042104,3.92,1.9009471323527123,2025-07-30T01:59:16.832031,51,2
ewa_pd90_pf1,1928,6.819009843325863,3.61,1.599343615362252,2025-07-30T01:59:17.845824,37,3
ewa_pd90_pf1,1929,7.4442696615845385,4.02,1.766238941932829,2025-07-30T01:59:18.854350,69,3
ewa_pd90_pf1,1930,6.549567817405502,3.84,1.8693314312876677,2025-07-30T01:59:19.862442,60,2
ewa_pd90_pf1,1931,6.173924434175043,3.85,1.80208212909401,2025-07-30T01:59:20.869523,41,3
ewa_pd90_pf1,1932,5.69876664054903,3.72,1.81151869987588,2025-07-30T01:59:21.865213,72,1
ewa_pd90_pf1,1933,5.70536124818946,3.64,1.6883127672324223,2025-07-30T01:59:22.873425,62,1
ewa_pd90_pf1,1934,7.038177896605814,4.17,1.8058515996615006,2025-07-30T01:59:23.881161,59,3
ewa_pd90_pf1,1935,3.556387701152232,3.73,1.8322390673708493,2025-07-30T01:59:24.887954,48,2
ewa_pd90_pf1,1936,7.461390290399007,4.3,1.8520259177452136,2025-07-30T01:59:25.890983,46,2
ewa_pd90_pf1,1937,4.42302072804061,3.82,1.790977386791916,2025-07-30T01:59:26.896498,30,2
ewa_pd90_pf1,1938,6.500749789293037,4.14,1.8440173534975208,2025-07-30T01:59:27.894596,71,3
ewa_pd90_pf1,1939,6.672859038583989,4.47,1.8679132742180509,2025-07-30T01:59:28.905922,60,3
ewa_pd90_pf1,1940,6.4799034288724755,4.17,1.7438749955200343,2025-07-30T01:59:29.909689,16,1
ewa_pd90_pf1,1941,6.768144220469671,3.96,1.9744366285095096,2025-07-30T01:59:30.922207,72,2
ewa_pd90_pf1,1942,7.009541575238499,4.17,1.732368321114191,2025-07-30T01:59:31.922005,33,2
ewa_pd90_pf1,1943,6.092491859203893,4.08,1.8421726303471129,2025-07-30T01:59:32.928551,64,2
ewa_pd90_pf1,1944,7.860741824300105,3.89,1.636429039097021,2025-07-30T01:59:33.944387,64,2
ewa_pd90_pf1,1945,6.914953147334991,4.03,1.857175274442345,2025-07-30T01:59:34.941031,33,1
ewa_pd90_pf1,1946,5.951036962655097,3.88,1.914575671003891,2025-07-30T01:59:35.943655,72,3
ewa_pd90_pf1,1947,5.441135207762775,4.23,1.9227844392963036,2025-07-30T01:59:36.947103,13,2
ewa_pd90_pf1,1948,5.065919920646313,3.71,1.8291801442176219,2025-07-30T01:59:37.957809,71,3
ewa_pd90_pf1,1949,7.546531525752676,4.14,1.8221964767828962,2025-07-30T01:59:38.959105,41,1
ewa_pd90_pf1,1950,6.085983067443025,4.25,1.894069692487581,2025-07-30T01:59:39.957004,23,2
ewa_pd90_pf1,1951,5.659927849553753,4.0,1.876166303929372,2025-07-30T01:59:40.959942,18,2
ewa_pd90_pf1,1952,7.486520087350193,3.94,1.853752950098799,2025-07-30T01:59:41.965288,76,3
ewa_pd90_pf1,1953,6.565645623360917,4.06,1.8752066552782922,2025-07-30T01:59:42.974402,40,3
ewa_pd90_pf1,1954,7.33542624058217,3.98,1.6910351859142376,2025-07-30T01:59:43.976787,16,3
ewa_pd90_pf1,1955,6.148495650517214,3.62,1.9379370474811612,2025-07-30T01:59:44.986400,23,2
ewa_pd90_pf1,1956,6.768431473875526,3.88,1.7904189453868051,2025-07-30T01:59:45.986002,48,1
ewa_pd90_pf1,1957,6.425732940582729,3.94,1.6959952830123084,2025-07-30T01:59:46.978976,14,1
ewa_pd90_pf1,1958,6.474450298309799,4.08,1.8744599222175968,2025-07-30T01:59:47.976594,15,3
ewa_pd90_pf1,1959,5.918940089847776,4.04,1.9074590428106182,2025-07-30T01:59:48.980452,13,1
ewa_pd90_pf1,1960,7.119143280172958,4.01,1.7406607940664371,2025-07-30T01:59:49.994986,60,1
ewa_pd90_pf1,1961,6.682573931572982,3.8,1.7663521732655691,2025-07-30T01:59:50.984659,35,3
ewa_pd90_pf1,1962,6.160934420059581,3.91,1.9240322242623693,2025-07-30T01:59:51.983672,75,2
ewa_pd90_pf1,1963,7.468628800263482,3.78,1.7696327302578918,2025-07-30T01:59:52.997693,77,2
ewa_pd90_pf1,1964,6.88002209548806,4.07,1.8507025692963197,2025-07-30T01:59:53.992627,61,2
ewa_pd90_pf1,1965,5.704856024796535,3.94,1.8045498053531246,2025-07-30T01:59:55.093845,45,3
ewa_pd90_pf1,1966,7.058805912093934,4.19,1.8313656106850975,2025-07-30T01:59:56.118884,39,2
ewa_pd90_pf1,1967,5.187383105252595,4.14,1.7089177862027187,2025-07-30T01:59:57.102499,52,2
ewa_pd90_pf1,1968,6.770446140081511,3.93,1.7677952370113459,2025-07-30T01:59:58.085869,31,3
ewa_pd90_pf1,1969,6.286069484126932,4.03,1.9154894935759894,2025-07-30T01:59:59.092267,24,2
ewa_pd90_pf1,1970,8.012318710216332,3.85,1.8131464364468746,2025-07-30T02:00:00.097525,40,3
ewa_pd90_pf1,1971,5.020249429644444,4.01,1.8681274046488372,2025-07-30T02:00:01.105721,11,3
ewa_pd90_pf1,1972,6.211300256429889,4.22,1.8685823503394223,2025-07-30T02:00:02.109338,34,3
ewa_pd90_pf1,1973,5.7678353356652865,4.08,1.879787222001469,2025-07-30T02:00:03.125342,19,3
ewa_pd90_pf1,1974,7.1003834234317384,3.84,1.9116485032557633,2025-07-30T02:00:04.128141,34,1
ewa_pd90_pf1,1975,6.888462689630793,3.7,1.5652475842498528,2025-07-30T02:00:05.132787,61,2
ewa_pd90_pf1,1976,7.406431047928148,4.17,1.6556267695347282,2025-07-30T02:00:06.147057,71,3
ewa_pd90_pf1,1977,6.268502658268234,3.92,1.75316856006489,2025-07-30T02:00:07.139213,55,3
ewa_pd90_pf1,1978,6.004273793668472,3.95,1.9306734576307822,2025-07-30T02:00:08.136274,20,1
ewa_pd90_pf1,1979,6.088801510124583,3.83,1.7891618149289907,2025-07-30T02:00:09.146672,46,2
ewa_pd90_pf1,1980,6.695838614411702,3.95,1.8621224449536071,2025-07-30T02:00:10.151412,67,3
ewa_pd90_pf1,1981,7.82008358939776,3.82,1.9203124745728233,2025-07-30T02:00:11.156931,23,3
ewa_pd90_pf1,1982,6.875206061073523,4.13,1.7242679606140108,2025-07-30T02:00:12.171493,70,2
ewa_pd90_pf1,1983,6.174209976407296,3.99,1.6522409025320732,2025-07-30T02:00:13.180436,75,1
ewa_pd90_pf1,1984,6.967140297490632,3.76,1.833684814792335,2025-07-30T02:00:14.197471,36,3
ewa_pd90_pf1,1985,6.244047188804759,3.95,1.829617446353199,2025-07-30T02:00:15.204531,56,1
ewa_pd90_pf1,1986,6.803113602277499,3.91,1.7612211672586724,2025-07-30T02:00:16.222517,52,1
ewa_pd90_pf1,1987,5.760162437534612,3.93,1.698558212131689,2025-07-30T02:00:17.235931,21,2
ewa_pd90_pf1,1988,5.845580670762459,4.36,1.7579533554676585,2025-07-30T02:00:18.250652,47,1
ewa_pd90_pf1,1989,6.036942094189479,4.0,1.8547236990991407,2025-07-30T02:00:19.256402,33,2
ewa_pd90_pf1,1990,7.272419874291068,3.92,1.9114392483152582,2025-07-30T02:00:20.265109,65,3
ewa_pd90_pf1,1991,7.152537598197349,4.18,1.8351021769917883,2025-07-30T02:00:21.274962,36,1
ewa_pd90_pf1,1992,6.444897194737889,4.08,1.8475930287809597,2025-07-30T02:00:22.278000,66,2
ewa_pd90_pf1,1993,6.016113679188739,3.98,1.86,2025-07-30T02:00:23.290514,67,3
ewa_pd90_pf1,1994,6.368239145384964,3.86,1.8921944931745258,2025-07-30T02:00:24.295747,17,1
ewa_pd90_pf1,1995,6.979542982605365,4.07,1.8452913049163806,2025-07-30T02:00:25.316258,22,1
ewa_pd90_pf1,1996,7.32855807827518,3.94,1.8591395859375381,2025-07-30T02:00:26.331878,25,3
ewa_pd90_pf1,1997,7.503615738868281,4.05,1.7226433176952214,2025-07-30T02:00:27.344282,54,3
ewa_pd90_pf1,1998,7.192132926596242,3.94,1.7194185063561462,2025-07-30T02:00:28.357560,42,2
ewa_pd90_pf1,1999,7.3617826909557555,3.71,1.8509186908127544,2025-07-30T02:00:29.368496,52,2
ewa_pd90_pf1,2000,5.294506251801164,4.22,1.7468829382646112,2025-07-30T02:00:30.388327,31,2
